,x,y,sigma_x_spr,sigma_y_spr,sigma_xy_spr
0,0.0,0.0,0.03254737065136,0.01919081316514,0.02714043174935
1,1.54838709677419,1.41935483870968,0.01958800166077,0.01644000866724,0.0179831439897
2,3.09677419354839,2.83870967741936,0.01450055197303,0.01234549749552,0.01346792363977
3,4.64516129032258,4.25806451612903,0.01593374788879,0.01379034209035,0.0148302591354
4,6.19354838709677,5.67741935483871,0.01761033664973,0.01509439244461,0.01632697644061
5,7.74193548387097,7.09677419354839,0.01958705001893,0.01670216868047,0.01807540777679
6,9.29032258064516,8.51612903225806,0.02184625594124,0.01843978129521,0.02007363050456
7,10.83870967741935,9.93548387096774,0.02433442424509,0.02043833657883,0.02227575280355
8,12.38709677419355,11.35483870967742,0.02665381410687,0.02231997377163,0.02439189452736
9,13.93548387096774,12.7741935483871,0.02897320396865,0.02420161096443,0.02650803625116
10,15.48387096774194,14.19354838709678,0.03233297256726,0.02681679146803,0.02944336571319
11,17.03225806451613,15.61290322580645,0.03489362037869,0.02895397489185,0.03175192931876
12,18.58064516129032,17.03225806451613,0.03727228144856,0.03087473977381,0.03392443485577
13,20.12903225806452,18.45161290322581,0.03940799166361,0.03270950269481,0.03587485272625
14,21.67741935483871,19.87096774193548,0.0412716637366,0.03423684258056,0.03759396692623
15,23.2258064516129,21.29032258064516,0.04281999519184,0.03561923046056,0.03903555818722
16,24.7741935483871,22.70967741935484,0.04362509093145,0.03657807511256,0.03993207798016
17,26.32258064516129,24.12903225806452,0.04443018667106,0.03753691976456,0.0408285977731
18,27.87096774193548,25.5483870967742,0.04576079212423,0.03812531095081,0.04175387375894
19,29.41935483870968,26.96774193548387,0.04615312854066,0.03857764409658,0.04221077863788
20,30.96774193548387,28.38709677419355,0.04647778786164,0.03872855689473,0.0423841274439
21,32.51612903225806,29.80645161290323,0.04637859267401,0.03883543773477,0.04248026702258
22,34.06451612903226,31.2258064516129,0.0464320448055,0.03857015773762,0.04224523882796
23,35.61290322580645,32.64516129032258,0.04579248742519,0.0384387604526,0.04199998468995
24,37.16129032258064,34.06451612903226,0.0449258420929,0.03771864083837,0.04119179684121
25,38.70967741935484,35.48387096774194,0.04405919676061,0.03699852122414,0.04038360899247
26,40.25806451612903,36.90322580645162,0.0439183282129,0.03531096292394,0.0397299121405
27,41.80645161290322,38.3225806451613,0.04192750550219,0.03538042859425,0.03736418566855
28,43.35483870967742,39.74193548387097,0.03940386206774,0.03053602004796,0.03725820623772
29,44.90322580645161,41.16129032258065,0.04368442681329,0.03124481870508,0.0302198019041
30,46.45161290322581,42.58064516129032,0.04163140088407,0.03497699949286,0.03778974032722
31,48.0,44.0,0.03547232309642,0.04617354185621,0.06049955559656
32,0.0,1.41935483870968,0.02193391930851,0.00904672385912,0.01684163361778
33,1.54838709677419,2.80957336108221,0.04576387162343,0.02741972190292,0.03685386435838
34,3.09677419354839,4.19979188345473,0.05032374257575,0.03476830641809,0.0420396907886
35,4.64516129032258,5.59001040582726,0.05505812365054,0.03879401609008,0.04627323403845
36,6.19354838709677,6.98022892819979,0.06021092622287,0.04253515730112,0.05061086186213
37,7.74193548387097,8.37044745057232,0.06592620759852,0.04653323752663,0.05543923542813
38,9.29032258064516,9.76066597294485,0.07213709409183,0.05110305057562,0.06082248451805
39,10.83870967741936,11.15088449531738,0.07871931032807,0.0562375705589,0.06669575318402
40,12.38709677419355,12.5411030176899,0.08549370600655,0.06184510055513,0.07291595095308
41,13.93548387096774,13.93132154006244,0.09227074832943,0.06776710053562,0.07930106378973
42,15.48387096774194,15.32154006243496,0.0988589853685,0.07381459611715,0.08566250333634
43,17.03225806451613,16.7117585848075,0.10508266718444,0.07979848864467,0.09180905048506
44,18.58064516129032,18.10197710718001,0.1107936918688,0.08553180477755,0.09757473035683
45,20.12903225806452,19.49219562955255,0.11587466832778,0.09085521068294,0.10281629005806
46,21.67741935483871,20.88241415192508,0.12025346037086,0.09563744329061,0.10743027772711
47,23.2258064516129,22.2726326742976,0.12388745699434,0.09978751014575,0.11135326430573
48,24.7741935483871,23.66285119667014,0.12678412776372,0.1032558432659,0.11455583433206
49,26.32258064516129,25.05306971904266,0.1289561297591,0.10603020753183,0.11705411618277
50,27.87096774193548,26.44328824141519,0.13046508874042,0.1081298584708,0.11886795839277
51,29.41935483870968,27.83350676378772,0.13132798266312,0.10959910058554,0.12006110729543
52,30.96774193548388,29.22372528616026,0.13162560927104,0.11047318469537,0.12065218043388
53,32.51612903225807,30.61394380853278,0.13131148667314,0.11082117734302,0.12070572333868
54,34.06451612903225,32.0041623309053,0.13046658292055,0.11061082157315,0.12019031187544
55,35.61290322580644,33.39438085327782,0.12889799298317,0.1099406991864,0.11911390542433
56,37.16129032258064,34.78459937565034,0.12668213411421,0.10857403276798,0.11738113122454
57,38.70967741935486,36.1748178980229,0.12336776172641,0.10673882642696,0.11480324475017
58,40.25806451612903,37.56503642039542,0.11890755850828,0.10368129833827,0.11131696774128
59,41.80645161290322,38.95525494276794,0.11256726091841,0.10003899080417,0.10600170411306
60,43.35483870967742,40.34547346514048,0.10300585269606,0.09371859800287,0.09929003596998
61,44.90322580645162,41.73569198751302,0.09080529528374,0.08624002427164,0.0874598005991
62,46.45161290322581,43.12591050988554,0.06081244702472,0.07171213803962,0.07158800462642
63,48.0,44.51612903225806,0.00711080281468,0.02391886727423,0.02836068227357
64,0.0,2.83870967741936,0.01680971591463,0.00595503341985,0.01229741641604
65,1.54838709677419,4.19979188345473,0.05323301774364,0.02621047995146,0.04021620049966
66,3.09677419354839,5.56087408949011,0.05683960109824,0.03273345583106,0.04386350308574
67,4.64516129032258,6.92195629552549,0.06157398935834,0.03669987164577,0.04779661090602
68,6.19354838709677,8.28303850156087,0.06686077778031,0.03995472661346,0.0519091946325
69,7.74193548387097,9.64412070759625,0.07252815617577,0.04338000348502,0.0564529023588
70,9.29032258064516,11.00520291363163,0.07843590421785,0.04728203283982,0.06142661478344
71,10.83870967741936,12.36628511966701,0.08443485022342,0.0517617006146,0.06678316260688
72,12.38709677419355,13.7273673257024,0.0903770563116,0.05676675959223,0.0723942635002
73,13.93548387096774,15.08844953173778,0.09611513627805,0.06217263087581,0.07811700061141
74,15.48387096774194,16.44953173777315,0.10151295893325,0.06781477130484,0.08378487370528
75,17.03225806451613,17.81061394380853,0.10645833375442,0.07350559359347,0.08924315396149
76,18.58064516129032,19.17169614984391,0.11085888547856,0.07906336502207,0.09434616041891
77,20.12903225806452,20.5327783558793,0.1146641176729,0.08431259741349,0.09897638060651
78,21.67741935483871,21.89386056191467,0.11783773649237,0.08911416914607,0.10304700212194
79,23.2258064516129,23.25494276795005,0.12039431856198,0.09335056942906,0.10650314248439
80,24.7741935483871,24.61602497398543,0.12233601979511,0.09696526491221,0.10932725445432
81,26.32258064516129,25.97710718002081,0.12372186838737,0.09990991965982,0.11152390750293
82,27.87096774193548,27.33818938605619,0.12455187607069,0.10222081184236,0.11311957182341
83,29.41935483870968,28.69927159209158,0.12489850602875,0.10388138812078,0.11415525073102
84,30.96774193548388,30.06035379812696,0.12471735977499,0.10500571425285,0.11464238701984
85,32.51612903225807,31.42143600416234,0.12405723283901,0.1055318196886,0.11464837031069
86,34.06451612903225,32.7825182101977,0.12281647537767,0.10563434269518,0.11407151140987
87,35.61290322580644,34.14360041623308,0.12092175979743,0.10512650218517,0.11305321405279
88,37.16129032258064,35.50468262226846,0.11831019491927,0.10420364983891,0.11120527986654
89,38.70967741935486,36.86576482830386,0.1144065009776,0.10257994243538,0.10885419974409
90,40.25806451612903,38.22684703433924,0.10962243120824,0.10016991030257,0.10509360755675
91,41.80645161290322,39.5879292403746,0.10166200246112,0.09713471871601,0.10022418724021
92,43.35483870967742,40.94901144640999,0.09219687900492,0.09161851538356,0.09337088683794
93,44.90322580645162,42.31009365244538,0.07561532459835,0.08654326117129,0.08114846553805
94,46.45161290322581,43.67117585848076,0.04078628625778,0.07406896767186,0.06979471627067
95,48.0,45.03225806451613,-0.00234303727923,0.01650064241356,0.01764772449924
96,0.0,4.25806451612903,0.01899681895692,0.00587891760028,0.01336707708691
97,1.54838709677419,5.59001040582726,0.05945903800002,0.02603099307976,0.04290980238132
98,3.09677419354839,6.92195629552549,0.06322614989758,0.03114777812258,0.04560353753209
99,4.64516129032258,8.25390218522372,0.06786634989445,0.03447711168465,0.04894061367536
100,6.19354838709677,9.58584807492196,0.07300524650972,0.03717090637003,0.052718633483
101,7.74193548387097,10.91779396462019,0.07834257562305,0.04000610765563,0.05689679017136
102,9.29032258064516,12.24973985431842,0.08370966823448,0.04332480426291,0.06146659947734
103,10.83870967741936,13.58168574401665,0.08895864056748,0.04724942862399,0.0663386445454
104,12.38709677419355,14.91363163371488,0.09396755516539,0.05175782064701,0.07141190321792
105,13.93548387096774,16.24557752341311,0.09862577680508,0.05674928338801,0.07654712878497
106,15.48387096774194,17.57752341311134,0.10285056456833,0.06206480516466,0.08160887077238
107,17.03225806451613,18.90946930280957,0.1065727773242,0.06752850037465,0.08645617186512
108,18.58064516129032,20.2414151925078,0.10976416823757,0.07294430235428,0.0909700887062
109,20.12903225806452,21.57336108220603,0.11240309552098,0.07814147831518,0.0950474111339
110,21.67741935483871,22.90530697190426,0.11451512162891,0.0829497793822,0.0986213934505
111,23.2258064516129,24.2372528616025,0.11610997988611,0.08726391517707,0.10164325823565
112,24.7741935483871,25.56919875130073,0.11724229993315,0.09097703146059,0.10411218005525
113,26.32258064516129,26.90114464099896,0.11792329129987,0.09408129503704,0.10601485142586
114,27.87096774193548,28.23309053069718,0.11819560714229,0.0965322959477,0.10741115034325
115,29.41935483870968,29.56503642039542,0.11805824085938,0.09840426470478,0.10826874506622
116,30.96774193548388,30.89698231009366,0.11747982189681,0.09968819323424,0.10870224544489
117,32.51612903225807,32.22892819979189,0.1164882704122,0.10046475791632,0.10858918662609
118,34.06451612903225,33.5608740894901,0.11484759195336,0.10077745792756,0.10808873722718
119,35.61290322580644,34.89281997918833,0.11274226495765,0.1005358002617,0.10696631530633
120,37.16129032258064,36.22476586888656,0.1094820121726,0.1000159383848,0.10527570763246
121,38.70967741935486,37.55671175858481,0.10547858727531,0.09859901927834,0.10294302114944
122,40.25806451612903,38.88865764828304,0.09956450333148,0.09711669020722,0.099149559828
123,41.80645161290322,40.22060353798126,0.09103936213869,0.09426973129575,0.09504305076107
124,43.35483870967742,41.55254942767951,0.08085572845333,0.09046267941065,0.08730109656303
125,44.90322580645162,42.88449531737774,0.05873604557373,0.08746460307782,0.07722481280195
126,46.45161290322581,44.21644120707596,0.02630015907546,0.07699154616923,0.07064679903958
127,48.0,45.54838709677419,0.00059593773274,0.02147206323056,0.02190297228896
128,0.0,5.67741935483871,0.02078118093367,0.00652189550419,0.01430275188809
129,1.54838709677419,6.98022892819979,0.06524879098558,0.02596153857112,0.04483746371309
130,3.09677419354839,8.28303850156087,0.06911375134204,0.02975086240002,0.04684389703146
131,4.64516129032258,9.58584807492196,0.07361009245575,0.03220060511577,0.04966200146683
132,6.19354838709677,10.88865764828304,0.07838645156001,0.0342546104369,0.05303595515305
133,7.74193548387097,12.19146722164412,0.08319770774303,0.03651150607126,0.05685407973481
134,9.29032258064516,13.4942767950052,0.08785927893575,0.03930692242158,0.06102470914251
135,10.83870967741936,14.79708636836628,0.09224819803128,0.04275679651064,0.06546281691949
136,12.38709677419355,16.09989594172737,0.09626158240106,0.04685897361975,0.07004979806575
137,13.93548387096774,17.40270551508844,0.0998341901724,0.05151269708284,0.07466872368172
138,15.48387096774194,18.70551508844953,0.10291446029157,0.05657435158507,0.079186686755
139,17.03225806451613,20.00832466181062,0.10549181063748,0.06185366961012,0.08348959659799
140,18.58064516129032,21.31113423517169,0.10756297061524,0.06716577553054,0.08746465373162
141,20.12903225806452,22.61394380853278,0.10916434577956,0.07230982422334,0.09103972823037
142,21.67741935483871,23.91675338189386,0.11032540677145,0.07713267622835,0.09414410488604
143,23.2258064516129,25.21956295525494,0.11109765398409,0.08148513821945,0.09677050572113
144,24.7741935483871,26.52237252861602,0.11151907235811,0.08529242541207,0.09888271138491
145,26.32258064516129,27.8251821019771,0.11160560875458,0.08849526105076,0.10053589848529
146,27.87096774193548,29.12799167533818,0.111399739883,0.09108759875925,0.1016957308547
147,29.41935483870968,30.43080124869927,0.11082017621281,0.09311529333549,0.10245079239317
148,30.96774193548388,31.73361082206036,0.10994773182721,0.09455626368791,0.10275217969654
149,32.51612903225807,33.03642039542144,0.10853776653069,0.09558645679923,0.10263811286885
150,34.06451612903225,34.3392299687825,0.10671951133185,0.09603620327978,0.10213032850241
151,35.61290322580644,35.6420395421436,0.104117511719,0.09622843871974,0.10098811934711
152,37.16129032258064,36.94484911550466,0.10059094163283,0.09585397083783,0.09956187462071
153,38.70967741935486,38.24765868886576,0.09616525310107,0.09505798138705,0.09700767543865
154,40.25806451612903,39.55046826222684,0.0891464049085,0.09415536228597,0.09391119049645
155,41.80645161290322,40.85327783558792,0.08089620565072,0.09173582984437,0.08980084524379
156,43.35483870967742,42.15608740894902,0.06789345995686,0.09020680824292,0.08208601833033
157,44.90322580645162,43.4588969823101,0.04329544088774,0.08836413445035,0.07587922452848
158,46.45161290322581,44.76170655567118,0.01668952060794,0.0798950346536,0.07203801657333
159,48.0,46.06451612903226,-0.00187218937941,0.02237139591428,0.0223380601516
160,0.0,7.09677419354839,0.02244547566321,0.00814044658161,0.0152970475498
161,1.54838709677419,8.37044745057232,0.07053594986696,0.0259164751784,0.04608393039943
162,3.09677419354839,9.64412070759626,0.07436837761104,0.02835139976959,0.04754181807051
163,4.64516129032258,10.91779396462019,0.07855763988583,0.02988803392748,0.04990957218591
164,6.19354838709677,12.19146722164412,0.08283096670183,0.03125403201238,0.0529122790203
165,7.74193548387097,13.46514047866806,0.08696738062007,0.03296056685731,0.05637626191569
166,9.29032258064516,14.73881373569199,0.09081901767321,0.03527963918441,0.06018696583496
167,10.83870967741936,16.01248699271592,0.09427435584043,0.03832918576519,0.06422579370888
168,12.38709677419355,17.28616024973986,0.09727068327654,0.0420928108998,0.06838355274907
169,13.93548387096774,18.55983350676379,0.09976526072446,0.04648231593634,0.07253338619897
170,15.48387096774194,19.83350676378772,0.10175759775265,0.05133869770032,0.07656588549407
171,17.03225806451613,21.10718002081166,0.10326110329977,0.05648185933641,0.08036385806563
172,18.58064516129032,22.38085327783558,0.10432176391051,0.06170275182171,0.0838503779698
173,20.12903225806452,23.65452653485952,0.10499206984676,0.06681046249477,0.08694334781192
174,21.67741935483871,24.92819979188346,0.10532715512314,0.07162629093426,0.08962368664994
175,23.2258064516129,26.20187304890738,0.10539220964583,0.07600853355362,0.09185073900601
176,24.7741935483871,27.47554630593132,0.10519824695273,0.07987517640665,0.09365738749426
177,26.32258064516129,28.74921956295526,0.10480789086324,0.08314696948138,0.09503392851628
178,27.87096774193548,30.02289281997918,0.1041458301034,0.08587088604847,0.0960176546693
179,29.41935483870968,31.29656607700312,0.10326660651059,0.08798710256022,0.09663987812882
180,30.96774193548388,32.57023933402706,0.10202055225278,0.089651868358,0.09684733317273
181,32.51612903225807,33.843912591051,0.10037396175124,0.09079725735749,0.09677589775873
182,34.06451612903225,35.11758584807492,0.09825632473738,0.09155309003541,0.09617406419145
183,35.61290322580644,36.39125910509884,0.09523881151984,0.09200761050225,0.09527802745584
184,37.16129032258064,37.66493236212278,0.09161093648138,0.09190379608042,0.0938078345893
185,38.70967741935486,38.93860561914674,0.08628116612892,0.09183650571031,0.09149291018994
186,40.25806451612903,40.21227887617066,0.07911128961455,0.09115896680043,0.08903141399835
187,41.80645161290322,41.48595213319458,0.07022757158993,0.08988495633722,0.08461149373692
188,43.35483870967742,42.75962539021853,0.0544286640853,0.09029106532852,0.07859505072846
189,44.90322580645162,44.03329864724246,0.03069920014383,0.08886051156692,0.07597237090159
190,46.45161290322581,45.30697190426639,0.01032110031491,0.08280173787602,0.07322265994405
191,48.0,46.58064516129032,-0.00434031649156,0.023270728598,0.02277314801425
192,0.0,8.51612903225806,0.02389816790539,0.00807754678666,0.01540113957843
193,1.54838709677419,9.76066597294485,0.07517711182174,0.02578308179191,0.04667968551779
194,3.09677419354839,11.00520291363163,0.07880754930832,0.0269110718896,0.04771079234622
195,4.64516129032258,12.24973985431842,0.08255747968094,0.02751765639062,0.04970879541422
196,6.19354838709677,13.4942767950052,0.08620163355997,0.02820983669732,0.05237926340598
197,7.74193548387097,14.73881373569198,0.08957125907316,0.02938701563074,0.05553088040625
198,9.29032258064516,15.98335067637877,0.09253829150782,0.03128637828304,0.05901090637791
199,10.83870967741936,17.22788761706556,0.09502994338964,0.03399086226382,0.0626977581769
200,12.38709677419355,18.47242455775234,0.09700244097896,0.03748481389049,0.06646160925165
201,13.93548387096774,19.71696149843912,0.09845681646464,0.04166164650156,0.07019181976607
202,15.48387096774194,20.96149843912591,0.09941699393849,0.04636544241799,0.07376819622188
203,17.03225806451613,22.2060353798127,0.09993664378894,0.05139848683854,0.07710631929274
204,18.58064516129032,23.45057232049947,0.10008761533647,0.05654950238962,0.08011918641857
205,20.12903225806452,24.69510926118626,0.09993685513705,0.06161934294157,0.08277213684306
206,21.67741935483871,25.93964620187304,0.0995703506924,0.06641452432685,0.08502910302269
207,23.2258064516129,27.18418314255983,0.0990165926538,0.07081625929178,0.08689855605055
208,24.7741935483871,28.42872008324662,0.09834048686362,0.07469404511996,0.08839644038028
209,26.32258064516129,29.6732570239334,0.09750623119805,0.07804814951605,0.08952607744308
210,27.87096774193548,30.91779396462018,0.0965209058095,0.08081950047991,0.09035708768322
211,29.41935483870968,32.16233090530698,0.09532823211458,0.08308264429154,0.09082447783964
212,30.96774193548388,33.40686784599376,0.09379615962755,0.08487143775919,0.09104509077186
213,32.51612903225807,34.65140478668054,0.09195960888799,0.08619127898998,0.09089794516309
214,34.06451612903225,35.89594172736732,0.08944169541495,0.08724484144982,0.09040958593622
215,35.61290322580644,37.1404786680541,0.0863134758254,0.08786444648962,0.08964458406283
216,37.16129032258064,38.38501560874088,0.08220769765168,0.08827673309382,0.08819942776238
217,38.70967741935486,39.62955254942768,0.0763744046418,0.08865555191925,0.08646363913497
218,40.25806451612903,40.87408949011446,0.06917778592395,0.08837575657148,0.08419526854315
219,41.80645161290322,42.11862643080124,0.05893389390095,0.08861085477032,0.0801470703092
220,43.35483870967742,43.36316337148803,0.04180030808525,0.09016193919256,0.07665621506767
221,44.90322580645162,44.60770031217482,0.0209155146836,0.08898917579711,0.07662054668882
222,46.45161290322581,45.85223725286161,0.0061152111042,0.08570578104601,0.07400319498731
223,48.0,47.09677419354838,-0.00303443306269,0.0260023541423,0.02276757438683
224,0.0,9.93548387096774,0.02535086014757,0.00801464699172,0.01550523160707
225,1.54838709677419,11.15088449531738,0.07900597984129,0.02551988681143,0.04667622764661
226,3.09677419354839,12.36628511966701,0.08228913758407,0.02538236060501,0.04738918271337
227,4.64516129032258,13.58168574401665,0.08548059379916,0.02509427905192,0.04909088652018
228,6.19354838709677,14.79708636836628,0.08841155057506,0.02513162668358,0.05148884549416
229,7.74193548387097,16.01248699271592,0.09094481454528,0.02582338529713,0.05436451215628
230,9.29032258064516,17.22788761706556,0.09299406848731,0.02734765545126,0.05755859767985
231,10.83870967741936,18.44328824141519,0.09450711367408,0.02976829895797,0.06092274409985
232,12.38709677419355,19.65868886576482,0.09547908933867,0.03304474419009,0.06433448898739
233,13.93548387096774,20.87408949011446,0.09593611279815,0.03706247895784,0.06766695993106
234,15.48387096774194,22.0894901144641,0.09593649480207,0.0416510854989,0.07082378700874
235,17.03225806451613,23.30489073881374,0.095564428268,0.04659900185821,0.07371348245108
236,18.58064516129032,24.52029136316336,0.09490372009604,0.05169535749271,0.07628441634722
237,20.12903225806452,25.735691987513,0.09405525907134,0.05671412357958,0.07850422572642
238,21.67741935483871,26.95109261186264,0.09307771292174,0.06149294117156,0.08036384133899
239,23.2258064516129,28.16649323621228,0.09203572892439,0.06586540068367,0.08189358144536
240,24.7741935483871,29.38189386056192,0.09093859420798,0.06976682412795,0.08308928013924
241,26.32258064516129,30.59729448491155,0.0897660262399,0.07313559147091,0.08402446847138
242,27.87096774193548,31.81269510926118,0.08851096812569,0.07597323674502,0.08466655815724
243,29.41935483870968,33.02809573361082,0.08702936337716,0.07834211304072,0.08508048871829
244,30.96774193548388,34.24349635796046,0.08533437597955,0.08022890647396,0.08525003704235
245,32.51612903225807,35.4588969823101,0.08319439652294,0.08178249328541,0.08511751092849
246,34.06451612903225,36.67429760665972,0.08049398568528,0.08301290972254,0.08478729470887
247,35.61290322580644,37.88969823100935,0.07714171617377,0.08392620916523,0.08406698416312
248,37.16129032258064,39.10509885535898,0.07257523269032,0.08481986856852,0.08294097835444
249,38.70967741935486,40.32049947970864,0.06659756298214,0.08549660838503,0.08167153150118
250,40.25806451612903,41.53590010405827,0.05904599916813,0.08595844397446,0.07960264590214
251,41.80645161290322,42.7513007284079,0.04757958015897,0.08752750952541,0.07669498126258
252,43.35483870967742,43.96670135275754,0.03069352188624,0.08958978883563,0.0757736368831
253,44.90322580645162,45.18210197710719,0.01353642314775,0.08884899998011,0.07729657407143
254,46.45161290322581,46.39750260145682,0.00331238412567,0.08859406507686,0.07436827594818
255,48.0,47.61290322580645,8.68333772e-06,0.03192015063353,0.02207855614202
256,0.0,11.35483870967742,0.02638593525715,0.00836442117818,0.01541682871284
257,1.54838709677419,12.5411030176899,0.08187565787953,0.02507657958479,0.04612674910709
258,3.09677419354839,13.72736732570239,0.08468995859366,0.02374693004934,0.0466181883569
259,4.64516129032258,14.91363163371488,0.08723823596995,0.02260583341085,0.04810402661702
260,6.19354838709677,16.09989594172736,0.08939018292039,0.02203393962206,0.05028113017319
261,7.74193548387097,17.28616024973985,0.0910533334783,0.02228166019756,0.05293126863794
262,9.29032258064516,18.47242455775234,0.09216610090421,0.02348550060491,0.05586962807881
263,10.83870967741936,19.65868886576483,0.0927138324904,0.02567415505744,0.0589485887465
264,12.38709677419355,20.84495317377731,0.09271722193121,0.0287861926398,0.06202633164942
265,13.93548387096774,22.0312174817898,0.09223510261775,0.03269047906252,0.0649886861122
266,15.48387096774194,23.21748178980228,0.09135641343872,0.03719365856377,0.06773487518477
267,17.03225806451613,24.40374609781478,0.09018209345884,0.04208347635714,0.07019517266672
268,18.58064516129032,25.59001040582726,0.08882464743359,0.04711861487727,0.07233424981774
269,20.12903225806452,26.77627471383974,0.08737593645308,0.05209640482647,0.07413207785795
270,21.67741935483871,27.96253902185224,0.08590750222732,0.05682096626126,0.07562214984864
271,23.2258064516129,29.14880332986472,0.08446683782016,0.06116543101913,0.07680890314189
272,24.7741935483871,30.33506763787721,0.08303370063696,0.06504671765304,0.07775920331074
273,26.32258064516129,31.52133194588969,0.08161767424692,0.06841598400135,0.07847804523866
274,27.87096774193548,32.70759625390218,0.08010305196522,0.07131111684605,0.07900174188306
275,29.41935483870968,33.89386056191467,0.0784594518982,0.07373315119588,0.07935654474254
276,30.96774193548388,35.08012486992716,0.07654947621823,0.07576327928092,0.07949639753018
277,32.51612903225807,36.26638917793964,0.07421363245968,0.07748711374018,0.0794664235428
278,34.06451612903225,37.45265348595212,0.07136697992863,0.07890371946247,0.07923284507664
279,35.61290322580644,38.6389177939646,0.06773131848646,0.08017335003334,0.07868507500478
280,37.16129032258064,39.82518210197709,0.06291407295421,0.0814144977334,0.07797137648307
281,38.70967741935486,41.0114464099896,0.05685424258872,0.08246261441613,0.07706582764139
282,40.25806451612903,42.19771071800208,0.04878079865946,0.08380931131108,0.0754940864838
283,41.80645161290322,43.38397502601456,0.03673732738526,0.08631339719053,0.07420623408811
284,43.35483870967742,44.57023933402705,0.0213431520466,0.08852289343085,0.07544541288684
285,44.90322580645162,45.75650364203954,0.00804246136486,0.08854583231662,0.07772992056028
286,46.45161290322581,46.94276795005203,0.00143584986832,0.0914209455935,0.07437310147513
287,48.0,48.12903225806451,-0.00047990841134,0.03278464381273,0.02203205352681
288,0.0,12.7741935483871,0.02747564822404,0.00946354283173,0.01516392591583
289,1.54838709677419,13.93132154006244,0.08366376029481,0.02442083766742,0.04508221041989
290,3.09677419354839,15.08844953173778,0.08591892430503,0.02197965463886,0.04545024113797
291,4.64516129032258,16.24557752341311,0.08775771264644,0.02004879872426,0.04678789650047
292,6.19354838709677,17.40270551508845,0.08909557099524,0.01891738392951,0.04880559907941
293,7.74193548387097,18.55983350676379,0.0898676465192,0.01877497814413,0.0512675453501
294,9.29032258064516,19.71696149843912,0.09005078105289,0.01971134908694,0.053988314262
295,10.83870967741936,20.87408949011446,0.089655878779,0.02172147842489,0.05680051670789
296,12.38709677419355,22.0312174817898,0.08873818519486,0.02472055599491,0.05956527015391
297,13.93548387096774,23.18834547346514,0.08738472066518,0.02854764246555,0.06216448996474
298,15.48387096774194,24.34547346514048,0.08571000176084,0.03300048795033,0.06450752248859
299,17.03225806451613,25.50260145681582,0.08383630225376,0.0378364510679,0.06654712323787
300,18.58064516129032,26.65972944849115,0.0818862587825,0.0428222910742,0.06825378518083
301,20.12903225806452,27.8168574401665,0.07994705158585,0.04773549045741,0.06965646028034
302,21.67741935483871,28.97398543184183,0.078097753531,0.05239662903111,0.07077197391968
303,23.2258064516129,30.13111342351718,0.07633648304457,0.05668654624862,0.07166411257408
304,24.7741935483871,31.28824141519251,0.0746797234076,0.06051758817066,0.07236647364876
305,26.32258064516129,32.44536940686784,0.07304446179391,0.06388490369491,0.07291492087002
306,27.87096774193548,33.60249739854318,0.07137768984885,0.06679075510536,0.07334575457423
307,29.41935483870968,34.75962539021853,0.06957720952712,0.06927838941981,0.07364797719376
308,30.96774193548388,35.91675338189387,0.06750604344665,0.07143090849493,0.07382785588229
309,32.51612903225807,37.0738813735692,0.06504262342943,0.07329296580892,0.073897463948
310,34.06451612903225,38.23100936524453,0.06203999425138,0.07493755037342,0.07379556187547
311,35.61290322580644,39.38813735691986,0.05819142845564,0.0765211393739,0.07352870877548
312,37.16129032258064,40.5452653485952,0.05328051050251,0.0780535199362,0.07322330275411
313,38.70967741935486,41.70239334027056,0.04710651237412,0.0795746067719,0.07270956420659
314,40.25806451612903,42.85952133194588,0.03862456276018,0.08174177906579,0.07199082975996
315,41.80645161290322,44.01664932362122,0.02682481059167,0.08475740104863,0.07244332172804
316,43.35483870967742,45.17377731529656,0.01367503470556,0.08701906360693,0.07528258979355
317,44.90322580645162,46.33090530697191,0.00398237180807,0.08813594164808,0.077806901401
318,46.45161290322581,47.48803329864725,0.00016169292906,0.09414247910874,0.07408359921469
319,48.0,48.64516129032258,-0.00096850016041,0.03364913699194,0.0219855509116
320,0.0,14.19354838709678,0.02747727035574,0.00911168476813,0.01459948474323
321,1.54838709677419,15.32154006243496,0.08427646195436,0.02352102359002,0.04360336937447
322,3.09677419354839,16.44953173777315,0.08590174280307,0.02006344103284,0.04392865489545
323,4.64516129032258,17.57752341311134,0.08699274305378,0.01741295999915,0.04519176986594
324,6.19354838709677,18.70551508844953,0.08749257006077,0.01578412024246,0.04709784821432
325,7.74193548387097,19.83350676378772,0.0873758452102,0.01530977323095,0.04941513327064
326,9.29032258064516,20.96149843912591,0.08664387400727,0.01603538871758,0.05194099652154
327,10.83870967741936,22.0894901144641,0.08534570937472,0.01792346737643,0.05450505123444
328,12.38709677419355,23.21748178980229,0.08356149545971,0.0208540846061,0.0569628972928
329,13.93548387096774,24.34547346514048,0.08141388773404,0.02464558464168,0.0591980173958
330,15.48387096774194,25.47346514047868,0.07903293083814,0.02906525082471,0.06114168359395
331,17.03225806451613,26.60145681581686,0.07656776472654,0.0338611992359,0.06275087280907
332,18.58064516129032,27.72944849115504,0.07412727073079,0.03878761148183,0.06404386475499
333,20.12903225806452,28.85744016649324,0.07181976803032,0.04362149877369,0.06504594592646
334,21.67741935483871,29.98543184183143,0.06967065873444,0.04820156458555,0.06582356675338
335,23.2258064516129,31.11342351716962,0.06770704793007,0.05240260693706,0.06643109194382
336,24.7741935483871,32.24141519250781,0.06587210885214,0.05617586743452,0.06692006883702
337,26.32258064516129,33.36940686784599,0.06411049081177,0.05950551727177,0.0673326628685
338,27.87096774193548,34.49739854318418,0.06232863378202,0.06241337381519,0.06768640604136
339,29.41935483870968,35.62539021852238,0.06041575802771,0.06495769235417,0.06798180047221
340,30.96774193548388,36.75338189386057,0.05824068375805,0.06720336655201,0.0682301858028
341,32.51612903225807,37.88137356919876,0.05568489638462,0.06920775447274,0.0684155891695
342,34.06451612903225,39.00936524453694,0.05255447365824,0.07107828784023,0.06850875799787
343,35.61290322580644,40.13735691987512,0.04860375240898,0.07292214672816,0.06857994596637
344,37.16129032258064,41.26534859521331,0.04368826855197,0.07474173926835,0.06867149950447
345,38.70967741935486,42.39334027055151,0.03740801080691,0.07678057406956,0.06868574321818
346,40.25806451612903,43.5213319458897,0.0288724307862,0.07955589913861,0.06906467382898
347,41.80645161290322,44.64932362122788,0.01803527273049,0.08277695893995,0.07111704298758
348,43.35483870967742,45.77731529656608,0.00749333490798,0.08515330714473,0.07502213110748
349,44.90322580645162,46.90530697190427,0.00097480876059,0.08764847790118,0.07749775215828
350,46.45161290322581,48.03329864724246,-0.00070887870225,0.09670316886424,0.07356083232802
351,48.0,49.16129032258065,-0.00060049000923,0.03586769975195,0.02175387699728
352,0.0,15.61290322580645,0.02747889248745,0.00875982670452,0.01403504357063
353,1.54838709677419,16.7117585848075,0.08363754473957,0.02235234301669,0.04173990967899
354,3.09677419354839,17.81061394380853,0.08458942051258,0.01798023741574,0.0421062489405
355,4.64516129032258,18.90946930280957,0.08490406323154,0.01469022686108,0.04335298759877
356,6.19354838709677,20.00832466181062,0.08456389559287,0.01263331894662,0.0451994227347
357,7.74193548387097,21.10718002081166,0.08356520531226,0.01189143142028,0.04740195225563
358,9.29032258064516,22.2060353798127,0.08195076372187,0.01246896201629,0.04975394232613
359,10.83870967741936,23.30489073881374,0.07979100232679,0.01428963344609,0.05207688128764
360,12.38709677419355,24.40374609781478,0.07721112997964,0.01720041558512,0.05422244543576
361,13.93548387096774,25.50260145681582,0.07434606580541,0.02098764882276,0.05609095839169
362,15.48387096774194,26.60145681581686,0.07136696568588,0.02539233752838,0.05761792336211
363,17.03225806451613,27.7003121748179,0.06840705957375,0.03015039269101,0.05880387495318
364,18.58064516129032,28.79916753381893,0.06560497292671,0.03500191037163,0.05967464837223
365,20.12903225806452,29.89802289281998,0.06301757835873,0.039742818677,0.06030134745219
366,21.67741935483871,30.99687825182102,0.06069053089216,0.04420763457632,0.06075492486609
367,23.2258064516129,32.09573361082206,0.05858877972115,0.04830559040217,0.06110923093085
368,24.7741935483871,33.19458896982311,0.05666493697114,0.05199122574589,0.06141877333613
369,26.32258064516129,34.29344432882414,0.05482876946794,0.0552660958163,0.061723494803
370,27.87096774193548,35.39229968782518,0.05298314039185,0.05816442218847,0.06203396366714
371,29.41935483870968,36.49115504682623,0.05100469243668,0.06074571881256,0.06235963039604
372,30.96774193548388,37.59001040582727,0.04877580580535,0.06307132978001,0.06269897835551
373,32.51612903225807,38.6888657648283,0.04616149034768,0.06521511983199,0.06303480330543
374,34.06451612903225,39.78772112382934,0.0429654350779,0.06728766930349,0.06338027181242
375,35.61290322580644,40.88657648283037,0.03902266077399,0.06934707249648,0.06380925708007
376,37.16129032258064,41.98543184183142,0.03415107764605,0.07147168514714,0.06432796290337
377,38.70967741935486,43.08428720083248,0.02789937906253,0.07396913883727,0.06502606102561
378,40.25806451612903,44.18314255983352,0.01974312409732,0.07711365392351,0.06658593924466
379,41.80645161290322,45.28199791883454,0.01041351100934,0.08035715129146,0.06996175634197
380,43.35483870967742,46.38085327783559,0.00253989728757,0.0830044805111,0.07450172890201
381,44.90322580645162,47.47970863683663,-0.0012604418187,0.08707331210662,0.07681568953971
382,46.45161290322581,48.57856399583767,-0.00132019045087,0.09905880629772,0.07285300571483
383,48.0,49.67741935483871,0.0001628300755,0.04019449877839,0.02183303869765
384,0.0,17.03225806451613,0.02701261460738,0.00862832051195,0.01327022556154
385,1.54838709677419,18.10197710718002,0.08169616718024,0.02089360677422,0.03955133435091
386,3.09677419354839,19.17169614984391,0.0819395440983,0.01571474930219,0.04002417966122
387,4.64516129032258,20.2414151925078,0.08147108058066,0.01187229391506,0.0413154641358
388,6.19354838709677,21.31113423517169,0.08029011618838,0.00946452360155,0.04314065501727
389,7.74193548387097,22.38085327783559,0.07843573627333,0.00852659399619,0.0452560884543
390,9.29032258064516,23.45057232049948,0.07596805689523,0.00902295777925,0.04744459376484
391,10.83870967741936,24.52029136316337,0.07301014560803,0.01083373744245,0.04952105836196
392,12.38709677419355,25.59001040582726,0.06969801419515,0.0137715903123,0.05134629050861
393,13.93548387096774,26.65972944849116,0.06622040916032,0.01758065626805,0.05282448250383
394,15.48387096774194,27.72944849115504,0.06273480121354,0.02198501230069,0.05392921479902
395,17.03225806451613,28.79916753381894,0.0594126748993,0.02669283542107,0.05467647757815
396,18.58064516129032,29.86888657648282,0.05634536185595,0.03145850111321,0.05513894878213
397,20.12903225806452,30.93860561914672,0.05360544025422,0.0360727856079,0.05540105970447
398,21.67741935483871,32.00832466181061,0.05117976127918,0.04040289177728,0.05556114898365
399,23.2258064516129,33.07804370447451,0.04903357422908,0.04436829157576,0.05569313463502
400,24.7741935483871,34.1477627471384,0.04708110131733,0.04794631454472,0.0558600692409
401,26.32258064516129,35.21748178980229,0.0452300849711,0.05114991612788,0.05608798665803
402,27.87096774193548,36.28720083246618,0.04336596122352,0.05402314995643,0.0563941302717
403,29.41935483870968,37.35691987513008,0.04137178673067,0.05662575958283,0.05677827658661
404,30.96774193548388,38.42663891779398,0.03913367871718,0.05901917009725,0.05723716274018
405,32.51612903225807,39.49635796045786,0.03650349987465,0.06129265885642,0.05776260889573
406,34.06451612903225,40.56607700312174,0.03333045834893,0.06352679140443,0.05839829610484
407,35.61290322580644,41.63579604578563,0.02947250022264,0.06578382722037,0.05919700033534
408,37.16129032258064,42.70551508844952,0.02473196998923,0.06819359653237,0.0602065536416
409,38.70967741935486,43.77523413111343,0.01871972752076,0.07103413616401,0.0616935157286
410,40.25806451612903,44.84495317377732,0.01137854163889,0.0743281769403,0.06438164617252
411,41.80645161290322,45.9146722164412,0.00387884652299,0.07753466550125,0.06876142361729
412,43.35483870967742,46.9843912591051,-0.00142202319397,0.08062089590161,0.07363355967267
413,44.90322580645162,48.05411030176899,-0.00295084950203,0.08638937497947,0.07578865781429
414,46.45161290322581,49.12382934443288,-0.00175243633762,0.10115899941961,0.07199787826456
415,48.0,50.19354838709678,4.951871559e-05,0.040801361291,0.02154255004511
416,0.0,18.45161290322581,0.02667443023135,0.00890155628805,0.01223386772755
417,1.54838709677419,19.49219562955255,0.07840698833909,0.01912755793215,0.03708427848628
418,3.09677419354839,20.5327783558793,0.07792932522643,0.01325307417815,0.03773097023407
419,4.64516129032258,21.57336108220604,0.076669327068,0.00895311138185,0.03911283000939
420,6.19354838709677,22.61394380853278,0.0746672564194,0.00627799740803,0.04095368401334
421,7.74193548387097,23.65452653485952,0.07197442081589,0.00522535302116,0.04299805232226
422,9.29032258064516,24.69510926118627,0.0687082726346,0.00570942778449,0.0450221779161
423,10.83870967741936,25.735691987513,0.06500153261652,0.00757473487011,0.04684094823153
424,12.38709677419355,26.77627471383975,0.06105583032016,0.01057768165632,0.04831755580885
425,13.93548387096774,27.8168574401665,0.05705060916918,0.01443803637994,0.04938747826982
426,15.48387096774194,28.85744016649324,0.05319282500537,0.01883651867171,0.05004434479916
427,17.03225806451613,29.89802289281998,0.04961145854059,0.02348727433094,0.05035455134637
428,18.58064516129032,30.93860561914672,0.04641454957892,0.02813353395237,0.05041125305804
429,20.12903225806452,31.97918834547346,0.04361457470803,0.03259777643757,0.05033728968312
430,21.67741935483871,33.0197710718002,0.04119331144908,0.03676057910713,0.05023099329284
431,23.2258064516129,34.06035379812696,0.03907107400745,0.04057098084484,0.05018337589744
432,24.7741935483871,35.1009365244537,0.03715681875139,0.04402100037125,0.05023951087974
433,26.32258064516129,36.14151925078044,0.0353398218211,0.04713742521566,0.05043257312977
434,27.87096774193548,37.18210197710718,0.03350443514072,0.04997167522352,0.05076435623446
435,29.41935483870968,38.22268470343394,0.03154364532212,0.05257867793729,0.05123928277432
436,30.96774193548388,39.26326742976068,0.02933485940563,0.05503221176445,0.05184458920224
437,32.51612903225807,40.30385015608742,0.02675735736457,0.05740678104368,0.05259777460992
438,34.06451612903225,41.34443288241414,0.02368034456328,0.05977513001606,0.05354094837022
439,35.61290322580644,42.38501560874088,0.01999661301773,0.06220265311936,0.05473398478694
440,37.16129032258064,43.42559833506762,0.01549837112951,0.06484936324776,0.05629256563309
441,38.70967741935486,44.46618106139438,0.00999969236502,0.0678813181339,0.05860236245828
442,40.25806451612903,45.50676378772113,0.00381037061582,0.07117409721568,0.06227057432237
443,41.80645161290322,46.54734651404787,-0.00168830051149,0.07435143196218,0.0673588888796
444,43.35483870967742,47.58792924037462,-0.00462478338707,0.07803655366816,0.07237366346784
445,44.90322580645162,48.62851196670136,-0.00424728392462,0.0855530242975,0.07444973754986
446,46.45161290322581,49.66909469302811,-0.00207743129285,0.10296523025057,0.07102080396813
447,48.0,50.70967741935484,-6.379264431e-05,0.04140822380362,0.02125206139258
448,0.0,19.87096774193548,0.02485665179923,0.00813221891174,0.01129444224264
449,1.54838709677419,20.88241415192508,0.0737450728189,0.01703878059623,0.03439331357977
450,3.09677419354839,21.89386056191467,0.07253059448864,0.01058539365133,0.03526420067529
451,4.64516129032258,22.90530697190426,0.07049173353242,0.00592629666355,0.03678312978681
452,6.19354838709677,23.91675338189386,0.06767441172968,0.00308111846013,0.03866268952979
453,7.74193548387097,24.92819979188346,0.06418808169584,0.0019961989754,0.04064363504201
454,9.29032258064516,25.93964620187305,0.06015744093295,0.00255197954487,0.04249230962577
455,10.83870967741936,26.95109261186264,0.05579143508243,0.00452587343937,0.04402342841142
456,12.38709677419355,27.96253902185224,0.05128708174818,0.00764223504878,0.04512241497965
457,13.93548387096774,28.97398543184183,0.04688843316895,0.01155951169648,0.04574619746062
458,15.48387096774194,29.98543184183142,0.04276546367705,0.01595296993866,0.04594265304889
459,17.03225806451613,30.99687825182102,0.03907106925004,0.02051368805291,0.04580554082052
460,18.58064516129032,32.00832466181061,0.03584988593537,0.0250140443228,0.04548004373209
461,20.12903225806452,33.0197710718002,0.03310598298569,0.02929037443007,0.04509180405338
462,21.67741935483871,34.0312174817898,0.03076751821506,0.03325930034239,0.04476612720903
463,23.2258064516129,35.0426638917794,0.02874339935431,0.03689069730285,0.04457188915074
464,24.7741935483871,36.054110301769,0.02692168764686,0.04019429993971,0.04456470855031
465,26.32258064516129,37.06555671175858,0.02518488664841,0.04321109703795,0.04475341806294
466,27.87096774193548,38.07700312174818,0.02342807123717,0.04598837509653,0.04514887840784
467,29.41935483870968,39.08844953173778,0.02153752393919,0.04859180978487,0.04573713089363
468,30.96774193548388,40.09989594172738,0.01941667488333,0.05108324100727,0.046522806545
469,32.51612903225807,41.11134235171696,0.01694924932525,0.05353687924961,0.04752344691633
470,34.06451612903225,42.12278876170655,0.01405712349214,0.0560047599911,0.04879142858768
471,35.61290322580644,43.13423517169614,0.01062636472167,0.05857409723061,0.05040040724067
472,37.16129032258064,44.14568158168573,0.00653906610339,0.06137010208973,0.05254396502467
473,38.70967741935486,45.15712799167535,0.00179989050793,0.06445887371295,0.05563385253826
474,40.25806451612903,46.16857440166493,-0.00297787302361,0.06765180848705,0.06009298184846
475,41.80645161290322,47.18002081165452,-0.00645620136859,0.07085753636244,0.06564242651773
476,43.35483870967742,48.19146722164412,-0.0072452185905,0.07525502552909,0.07070738248396
477,44.90322580645162,49.20291363163371,-0.00528269733126,0.08452040267792,0.07282564855285
478,46.45161290322581,50.21436004162331,-0.00232423194665,0.10443322757645,0.06994049686127
479,48.0,51.2258064516129,7.71318678e-06,0.04286421413147,0.02111971658357
480,0.0,21.29032258064516,0.0230388733671,0.00736288153542,0.01035501675773
481,1.54838709677419,22.27263267429761,0.06767937122058,0.01461741815234,0.03152020139144
482,3.09677419354839,23.25494276795005,0.0657333127544,0.00770009962443,0.03266883270691
483,4.64516129032258,24.2372528616025,0.06291129589633,0.00279528664893,0.03435457430503
484,6.19354838709677,25.21956295525494,0.05931317123384,-0.0001229092835,0.03629219886711
485,7.74193548387097,26.20187304890738,0.05505077971425,-0.00113526120774,0.03820235455861
486,9.29032258064516,27.18418314255984,0.05033332247591,-0.00043408563174,0.03984820370073
487,10.83870967741936,28.16649323621228,0.04536836494,0.00172071434836,0.04105411528725
488,12.38709677419355,29.14880332986472,0.04043657039215,0.00497286130895,0.04172495798216
489,13.93548387096774,30.13111342351717,0.03575146459911,0.00896134072213,0.04187369439567
490,15.48387096774194,31.11342351716962,0.03152145020173,0.01331972541974,0.04158209973853
491,17.03225806451613,32.09573361082206,0.02783253668163,0.01776217070704,0.04101233769432
492,18.58064516129032,33.0780437044745,0.02472023161071,0.02207197160815,0.04031811365969
493,20.12903225806452,34.06035379812694,0.02212366168357,0.02612736161731,0.03966580777547
494,21.67741935483871,35.0426638917794,0.0199515405331,0.02987365204762,0.0391542726638
495,23.2258064516129,36.02497398543184,0.01808653115198,0.03330355696859,0.03886851261234
496,24.7741935483871,37.00728407908428,0.01640397190192,0.03644873984683,0.03882976285506
497,26.32258064516129,37.98959417273673,0.01479748939379,0.03934750124665,0.03905838875409
498,27.87096774193548,38.97190426638918,0.01315269820597,0.04206124036222,0.03954005022415
499,29.41935483870968,39.95421436004162,0.01138700369915,0.04464085064751,0.04027399114599
500,30.96774193548388,40.93652445369407,0.00939683737732,0.04715618063135,0.04125831489514
501,32.51612903225807,41.91883454734652,0.00712025782788,0.04965477044482,0.04252467541245
502,34.06451612903225,42.90114464099895,0.00447791984761,0.05219774786233,0.04412472756545
503,35.61290322580644,43.8834547346514,0.00141930061837,0.05485364422801,0.04616721997649
504,37.16129032258064,44.86576482830384,-0.00210014857443,0.05770995676021,0.04888842520069
505,38.70967741935486,45.8480749219563,-0.00584537521425,0.06073710287834,0.05266418843965
506,40.25806451612903,46.83038501560874,-0.00907664837027,0.06379091521988,0.0577140590887
507,41.80645161290322,47.81269510926118,-0.01057242061256,0.06708578044387,0.06353972654273
508,43.35483870967742,48.79500520291364,-0.0094545012497,0.07226976376004,0.06863047730366
509,44.90322580645162,49.77731529656608,-0.00613466796853,0.08323494985329,0.0709382687432
510,46.45161290322581,50.75962539021852,-0.00253479096823,0.10552624519644,0.06876562298581
511,48.0,51.74193548387097,0.00028869798317,0.04593258405782,0.02173025271694
512,0.0,22.70967741935484,0.020738129266,0.00662937507865,0.00923466045958
513,1.54838709677419,23.66285119667014,0.06019582537351,0.01185015643461,0.02851658495715
514,3.09677419354839,24.61602497398542,0.05750607153184,0.00459654850313,0.02997674013192
515,4.64516129032258,25.56919875130072,0.05392475640852,-0.00044320985107,0.03186195948816
516,6.19354838709677,26.52237252861602,0.04954640093003,-0.00330952385431,0.03385698613533
517,7.74193548387097,27.47554630593132,0.0445713905231,-0.00415390353651,0.03567706757086
518,9.29032258064516,28.42872008324662,0.03920745578734,-0.00320594050733,0.03707773140995
519,10.83870967741936,29.38189386056192,0.0337677592236,-0.00082452823397,0.03789701915544
520,12.38709677419355,30.33506763787721,0.02850943002996,0.00259926927068,0.03809269846692
521,13.93548387096774,31.28824141519251,0.0237078948261,0.00663665635005,0.03771660110669
522,15.48387096774194,32.2414151925078,0.01950242591592,0.01093299408584,0.03693767617045
523,17.03225806451613,33.1945889698231,0.01597388833074,0.01520484874519,0.03593550994121
524,18.58064516129032,34.1477627471384,0.01307842355761,0.01928210383721,0.03492451627843
525,20.12903225806452,35.1009365244537,0.0107258943195,0.02308075624808,0.03404100382865
526,21.67741935483871,36.054110301769,0.00878983855075,0.02657562185998,0.03340820512213
527,23.2258064516129,37.00728407908428,0.00713198369305,0.02979164705464,0.03306512798509
528,24.7741935483871,37.96045785639958,0.00564009827427,0.03275840218783,0.03304656977305
529,26.32258064516129,38.91363163371488,0.00419213364661,0.03553579087142,0.0333395610215
530,27.87096774193548,39.86680541103017,0.00271203859187,0.03816590842572,0.03394147749146
531,29.41935483870968,40.81997918834547,0.00110201591754,0.04071486440317,0.03483802865009
532,30.96774193548388,41.77315296566078,-0.00068610715061,0.04322388901091,0.03603997832099
533,32.51612903225807,42.72632674297607,-0.00271995105068,0.04574758409231,0.03757695163655
534,34.06451612903225,43.67950052029136,-0.00501519045073,0.04832310586785,0.03951408273224
535,35.61290322580644,44.63267429760664,-0.00760139827656,0.05101152507938,0.04198623407666
536,37.16129032258064,45.58584807492195,-0.01037494370035,0.05383234732724,0.0452402823228
537,38.70967741935486,46.53902185223725,-0.01297421418523,0.05672083636159,0.04957387527473
538,40.25806451612903,47.49219562955255,-0.01457903136107,0.05962222111036,0.05502968905322
539,41.80645161290322,48.44536940686784,-0.01420483258923,0.06306402591651,0.06100202700604
540,43.35483870967742,49.39854318418315,-0.01137112811088,0.06905476074972,0.06614447784657
541,44.90322580645162,50.35171696149844,-0.00688565683888,0.08164083159881,0.06879795326918
542,46.45161290322581,51.30489073881374,-0.00271792140685,0.10620278686823,0.06750156832397
543,48.0,52.25806451612903,0.00024170939087,0.04606414550909,0.02131442069386
544,0.0,24.12903225806452,0.01863500779079,0.00597261659485,0.00778337059495
545,1.54838709677419,25.05306971904267,0.05126013596627,0.00873364290764,0.02541659062219
546,3.09677419354839,25.97710718002081,0.04784048624937,0.00126495956046,0.0272333576757
547,4.64516129032258,26.90114464099896,0.04348508915618,-0.0037690140057,0.02932555772483
548,6.19354838709677,27.8251821019771,0.03837429451569,-0.00646707599304,0.03137313595355
549,7.74193548387097,28.74921956295526,0.03270179355356,-0.0070097470014,0.03306099829598
550,9.29032258064516,29.6732570239334,0.02680356527728,-0.00573924151864,0.03414888882303
551,10.83870967741936,30.59729448491155,0.02097532119992,-0.00306325393948,0.03451597888569
552,12.38709677419355,31.5213319458897,0.01557036972539,0.00052557979369,0.03416009662739
553,13.93548387096774,32.44536940686784,0.01079523626532,0.00459222971377,0.03323962955488
554,15.48387096774194,33.369406867846,0.00679642269813,0.00876687976407,0.03195308939938
555,17.03225806451613,34.29344432882414,0.00355785460521,0.01281481457407,0.03056958402692
556,18.58064516129032,35.21748178980228,0.00099489057542,0.01661339032384,0.029271861109
557,20.12903225806452,36.14151925078044,-0.00103149519771,0.02011677249094,0.02823344254733
558,21.67741935483871,37.06555671175859,-0.00268089096992,0.02334645476268,0.02751727065384
559,23.2258064516129,37.98959417273673,-0.00407691845682,0.02632490381709,0.02717845448829
560,24.7741935483871,38.91363163371488,-0.00535674150095,0.02911437223347,0.02720785773716
561,26.32258064516129,39.83766909469304,-0.00659464061083,0.03174958088074,0.02760332867701
562,27.87096774193548,40.76170655567118,-0.0078904353168,0.03429616728801,0.02834311007914
563,29.41935483870968,41.68574401664933,-0.00928085447315,0.03678775864661,0.02942116110772
564,30.96774193548388,42.60978147762747,-0.01082937464155,0.03927784660824,0.03084731778029
565,32.51612903225807,43.53381893860562,-0.01253578733447,0.04179013659498,0.03265465569621
566,34.06451612903225,44.45785639958376,-0.01441571016083,0.04436446839344,0.03492304743723
567,35.61290322580644,45.3818938605619,-0.01639810287569,0.04701708951847,0.03779692072416
568,37.16129032258064,46.30593132154005,-0.01830138770236,0.04973003729839,0.04150912404264
569,38.70967741935486,47.22996878251821,-0.01963221422086,0.05242580466951,0.04625779780307
570,40.25806451612903,48.15400624349635,-0.01962038208459,0.05518421625295,0.05196124714754
571,41.80645161290322,49.0780437044745,-0.01748488440314,0.0588045265417,0.05799702222055
572,43.35483870967742,50.00208116545265,-0.01311820995686,0.0655772629621,0.06324689205808
573,44.90322580645162,50.92611862643081,-0.00758018898581,0.07967596391206,0.06640763055769
574,46.45161290322581,51.85015608740895,-0.00290147547634,0.10642059799293,0.06614435424905
575,48.0,52.7741935483871,0.00019472079858,0.04619570696036,0.02089858867078
576,0.0,25.5483870967742,0.01485482932231,0.00472033653864,0.00672530343609
577,1.54838709677419,26.4432882414152,0.04085701514821,0.00525387893229,0.02227502372925
578,3.09677419354839,27.3381893860562,0.03668153383084,-0.00228209400571,0.02446277906279
579,4.64516129032258,28.2330905306972,0.03158422584903,-0.00717792668018,0.02677775260163
580,6.19354838709677,29.12799167533819,0.02572725188711,-0.00954265508996,0.02884176919467
581,7.74193548387097,30.02289281997918,0.0194520688987,-0.00967286080288,0.03033228030631
582,9.29032258064516,30.91779396462019,0.01307952499957,-0.00796773061961,0.031025266487
583,10.83870967741936,31.81269510926119,0.00704789113663,-0.00497672230387,0.03083433772358
584,12.38709677419355,32.70759625390219,0.00164508318318,-0.00122432721313,0.02987964356099
585,13.93548387096774,33.6024973985432,-0.00288854274175,0.00280742012427,0.02836359881565
586,15.48387096774194,34.49739854318419,-0.00652352414418,0.00679418348693,0.02661479658296
587,17.03225806451613,35.39229968782518,-0.00932892062947,0.01055733675262,0.02487309336006
588,18.58064516129032,36.28720083246618,-0.01145896594112,0.01402388047729,0.02337946379546
589,20.12903225806452,37.18210197710718,-0.01310419676882,0.0172152677181,0.02222899507827
590,21.67741935483871,38.07700312174818,-0.01440665968719,0.02014949593449,0.02150432187382
591,23.2258064516129,38.97190426638918,-0.01552810448616,0.02289698819661,0.02120258053297
592,24.7741935483871,39.86680541103018,-0.0165445348143,0.02548650402142,0.02132400505694
593,26.32258064516129,40.76170655567118,-0.01756531600966,0.02798736831619,0.02184270544474
594,27.87096774193548,41.65660770031217,-0.01861808951464,0.03042580751161,0.02273910274223
595,29.41935483870968,42.55150884495318,-0.01976619882521,0.0328559443401,0.02400850003043
596,30.96774193548388,43.44640998959418,-0.02100028809222,0.03529526944652,0.02565632661539
597,32.51612903225807,44.34131113423518,-0.02233128764991,0.03777471978798,0.02772936857282
598,34.06451612903225,45.23621227887617,-0.02369468027357,0.04029921320057,0.03030418114129
599,35.61290322580644,46.13111342351716,-0.02498295421266,0.04286232499975,0.03353536795966
600,37.16129032258064,47.02601456815816,-0.02589694854413,0.04540687075054,0.03760500288563
601,38.70967741935486,47.92091571279918,-0.02591608548505,0.04788430115277,0.04263165643509
602,40.25806451612903,48.81581685744017,-0.02431809344524,0.0505107626729,0.04844904558302
603,41.80645161290322,49.71071800208117,-0.02055643479405,0.05431208026526,0.05450117535066
604,43.35483870967742,50.60561914672217,-0.01478336855302,0.06179758096553,0.05992949819018
605,44.90322580645162,51.50052029136317,-0.00827562246797,0.07727257313043,0.0637569392216
606,46.45161290322581,52.39542143600416,-0.00309180478838,0.10613526644247,0.06468810123405
607,48.0,53.29032258064516,0.00017389342706,0.0469355312353,0.02081494525153
608,0.0,26.96774193548387,0.01107465085383,0.00346805648243,0.00566723627723
609,1.54838709677419,27.83350676378772,0.02892586143507,0.0014136539124,0.01911572329761
610,3.09677419354839,28.69927159209157,0.02401265587998,-0.00605136291077,0.02171516931385
611,4.64516129032258,29.56503642039542,0.01813077876723,-0.01062096574439,0.02422809879618
612,6.19354838709677,30.43080124869927,0.01160065102862,-0.01250638977019,0.026259077396
613,7.74193548387097,31.29656607700312,0.00474282640267,-0.01205677853406,0.02745922829627
614,9.29032258064516,32.16233090530698,-0.00192140580728,-0.00985511084639,0.02762343302567
615,10.83870967741936,33.02809573361082,-0.00801286877531,-0.00651482996546,0.02679174774093
616,12.38709677419355,33.89386056191467,-0.01316035887698,-0.00266030118932,0.02514214551391
617,13.93548387096774,34.75962539021852,-0.01726148975516,0.00125840818796,0.023061751393
618,15.48387096774194,35.62539021852237,-0.02034924750178,0.00497614030252,0.02085920222586
619,17.03225806451613,36.49115504682622,-0.02259336465052,0.00837895621368,0.01886802428165
620,18.58064516129032,37.35691987513007,-0.02422767310593,0.011491030007,0.01722777127608
621,20.12903225806452,38.22268470343392,-0.02542220373603,0.0143295142474,0.01605850519756
622,21.67741935483871,39.08844953173778,-0.0263762777663,0.01698155534302,0.01536565844657
623,23.2258064516129,39.95421436004162,-0.0271706139395,0.01947185877989,0.01515299739385
624,24.7741935483871,40.81997918834548,-0.02793208678884,0.02187851321652,0.01539304467099
625,26.32258064516129,41.68574401664932,-0.02868072545634,0.02422137558961,0.01605367255502
626,27.87096774193548,42.55150884495317,-0.02948324903371,0.02655656014432,0.01712143547397
627,29.41935483870968,43.41727367325703,-0.03032280782844,0.02889785201028,0.01857735444029
628,30.96774193548388,44.28303850156088,-0.0312102444165,0.03127411783891,0.02044670008959
629,32.51612903225807,45.14880332986473,-0.03208374835035,0.03368469335189,0.02275972563978
630,34.06451612903225,46.01456815816857,-0.03286678299564,0.0361230752943,0.02561336053235
631,35.61290322580644,46.88033298647241,-0.03336150279288,0.03854646568318,0.02912876087552
632,37.16129032258064,47.74609781477626,-0.03322792652088,0.04088504460508,0.03345485981519
633,38.70967741935486,48.61186264308013,-0.03191698627835,0.04313402566925,0.03862411606934
634,40.25806451612903,49.47762747138398,-0.02881068647916,0.04563274501328,0.04445302132211
635,41.80645161290322,50.34339229968782,-0.02353801270954,0.04958830200303,0.0504920715349
636,43.35483870967742,51.20915712799167,-0.01646298121359,0.05766811080677,0.05617409456502
637,44.90322580645162,52.07492195629553,-0.00901288007565,0.07436202529523,0.06082568240381
638,46.45161290322581,52.94068678459938,-0.00330838562534,0.10528975090787,0.06311577186913
639,48.0,53.80645161290322,0.00044564822599,0.04924825570072,0.02182616531124
640,0.0,28.38709677419355,0.00675400846026,0.00207410598734,0.00446017869856
641,1.54838709677419,29.22372528616025,0.01543906759861,-0.00280534828214,0.01600543483465
642,3.09677419354839,30.06035379812695,0.00972247159553,-0.01000700276186,0.01900511473994
643,4.64516129032258,30.89698231009366,0.00310535763358,-0.01407762004326,0.0216994323163
644,6.19354838709677,31.73361082206036,-0.00413154886434,-0.015255698644,0.0236035994943
645,7.74193548387097,32.57023933402706,-0.01140264205697,-0.01410769633593,0.02436103377931
646,9.29032258064516,33.40686784599376,-0.01824011178584,-0.01131365550122,0.02387228304391
647,10.83870967741936,34.24349635796046,-0.02409763999334,-0.00766812499991,0.02224186091445
648,12.38709677419355,35.08012486992716,-0.02876064850467,-0.00379480454535,0.01990061365813
649,13.93548387096774,35.91675338189386,-0.03218733892025,-9.685282824e-05,0.01723540192475
650,15.48387096774194,36.75338189386056,-0.03455733566786,0.00324335998402,0.01470910589513
651,17.03225806451613,37.59001040582726,-0.03616328018,0.00625284689249,0.01252574917538
652,18.58064516129032,38.42663891779396,-0.03721719920603,0.00895284254064,0.01085822533669
653,20.12903225806452,39.26326742976066,-0.03797506278263,0.01146009376618,0.00972172515994
654,21.67741935483871,40.09989594172737,-0.03852490592203,0.01379777258417,0.00912309234943
655,23.2258064516129,40.93652445369407,-0.03902061685412,0.01605922512897,0.00903553094795
656,24.7741935483871,41.77315296566077,-0.03947502440241,0.01825978452549,0.0094124954281
657,26.32258064516129,42.60978147762747,-0.03996127620565,0.02045870092276,0.01023704229315
658,27.87096774193548,43.44640998959416,-0.04045527438826,0.02266781033292,0.01146779922931
659,29.41935483870968,44.28303850156088,-0.04096828793118,0.02491562118232,0.01311667569553
660,30.96774193548388,45.11966701352758,-0.04144080892656,0.02720183358439,0.01517965117601
661,32.51612903225807,45.95629552549428,-0.04181115775952,0.02951961463824,0.01771637372912
662,34.06451612903225,46.79292403746097,-0.04193468672724,0.0318355156001,0.02079049521335
663,35.61290322580644,47.62955254942767,-0.0415805579377,0.03408419578184,0.02452148101339
664,37.16129032258064,48.46618106139437,-0.04036075226748,0.0361976170856,0.0289885126049
665,38.70967741935486,49.30280957336109,-0.03775065521482,0.03821406386926,0.03418938234677
666,40.25806451612903,50.13943808532778,-0.03322443661612,0.04058435662826,0.03993979902865
667,41.80645161290322,50.97606659729448,-0.02655439346885,0.04462720410665,0.04594942246833
668,43.35483870967742,51.81269510926119,-0.0182462446483,0.0531474769436,0.05195038576842
669,44.90322580645162,52.64932362122789,-0.00984215305309,0.07085951872292,0.05757646758873
670,46.45161290322581,53.48595213319459,-0.00356897789375,0.10382646995703,0.06140698888916
671,48.0,54.32258064516129,0.00036350435042,0.04867083721233,0.02125756631629
672,0.0,29.80645161290323,0.00277642023109,0.00034877616135,0.00284004559173
673,1.54838709677419,30.61394380853278,0.00026946426665,-0.00738995436436,0.01295484870411
674,3.09677419354839,31.42143600416233,-0.00622342354319,-0.0141494734781,0.0163891240571
675,4.64516129032258,32.22892819979188,-0.01367206598361,-0.01744093974811,0.01918367838848
676,6.19354838709677,33.03642039542144,-0.02147170254593,-0.01772611165029,0.02081328385464
677,7.74193548387097,33.84391259105098,-0.0290941273451,-0.01568865098771,0.0209622302651
678,9.29032258064516,34.65140478668054,-0.0357733312863,-0.01230323830672,0.0195838751189
679,10.83870967741936,35.4588969823101,-0.04113198968716,-0.00842216287794,0.0171089426515
680,12.38709677419355,36.26638917793964,-0.04498413297259,-0.00466946551466,0.01400068553582
681,13.93548387096774,37.0738813735692,-0.04750040845305,-0.00134895198357,0.01090362678831
682,15.48387096774194,37.88137356919875,-0.04904978102528,0.00156141196567,0.00811991599419
683,17.03225806451613,38.6888657648283,-0.0499079924367,0.0040934997948,0.00590211829377
684,18.58064516129032,39.49635796045785,-0.05041798078496,0.00641450703356,0.00427609694166
685,20.12903225806452,40.3038501560874,-0.05067688337395,0.00854922714622,0.00324803700586
686,21.67741935483871,41.11134235171696,-0.0508776973822,0.01061459602312,0.00279448090411
687,23.2258064516129,41.91883454734652,-0.05102566085895,0.01262478605667,0.00284873044937
688,24.7741935483871,42.72632674297607,-0.05120225843586,0.01464239381148,0.00339507384577
689,26.32258064516129,43.53381893860562,-0.05137633567994,0.01668018403287,0.00436979412609
690,27.87096774193548,44.34131113423517,-0.05155754311358,0.01876480758183,0.005777858413
691,29.41935483870968,45.14880332986473,-0.05168791869444,0.02090032241816,0.00758843087627
692,30.96774193548388,45.95629552549428,-0.05171252820298,0.02308038401263,0.00983795652777
693,32.51612903225807,46.76378772112383,-0.05151742496799,0.02528125237702,0.0125469219847
694,34.06451612903225,47.57127991675338,-0.05093361647904,0.02744678178597,0.01579683129583
695,35.61290322580644,48.37877211238293,-0.04968927102823,0.0295028550075,0.01965031287097
696,37.16129032258064,49.18626430801248,-0.04738340526699,0.03138035653143,0.02416391193519
697,38.70967741935486,49.99375650364204,-0.04353248608006,0.03317299135432,0.02928814933728
698,40.25806451612903,50.80124869927159,-0.03768781073846,0.03539222121292,0.03489232330606
699,41.80645161290322,51.60874089490114,-0.02973322345404,0.03943655833299,0.04084757676338
700,43.35483870967742,52.41623309053069,-0.02022837673618,0.04818505078298,0.04721394022842
701,44.90322580645162,53.22372528616025,-0.0108286099367,0.06668314225219,0.05395635613265
702,46.45161290322581,54.0312174817898,-0.00389089729486,0.10166005454584,0.05952439262191
703,48.0,54.83870967741935,0.00028136047485,0.04809341872393,0.02068896732133
704,0.0,31.2258064516129,-0.0032423973413,-0.00143053396544,0.00191594786269
705,1.54838709677419,32.00416233090531,-0.01663682587452,-0.01236989011053,0.01005635974489
706,3.09677419354839,32.78251821019771,-0.02406144396846,-0.01838900280556,0.0138679116871
707,4.64516129032258,33.56087408949012,-0.0322328355204,-0.0206540886751,0.01666083133518
708,6.19354838709677,34.33922996878252,-0.04063296897751,-0.01972514827248,0.01781963057666
709,7.74193548387097,35.11758584807492,-0.0482490517256,-0.0167173507144,0.01703714012938
710,9.29032258064516,35.89594172736733,-0.05448837521441,-0.0127548617851,0.0146457389164
711,10.83870967741936,36.67429760665973,-0.05890276726145,-0.00880789440616,0.01115123258239
712,12.38709677419355,37.45265348595214,-0.06160773033881,-0.00540065991299,0.00744785704627
713,13.93548387096774,38.23100936524454,-0.06306159031083,-0.0025454898441,0.00399220936241
714,15.48387096774194,39.00936524453694,-0.06363818578369,-0.00019273704485,0.00116770475811
715,17.03225806451613,39.78772112382935,-0.06381974634599,0.00191206840412,-0.00098814520632
716,18.58064516129032,40.56607700312174,-0.06371247284536,0.00379955538687,-0.00248071443331
717,20.12903225806452,41.34443288241416,-0.06356393603066,0.00562039866169,-0.00332578291851
718,21.67741935483871,42.12278876170656,-0.06337115586233,0.00739401600659,-0.00362163367186
719,23.2258064516129,42.90114464099896,-0.06322338465106,0.00918434620571,-0.00337827058767
720,24.7741935483871,43.67950052029137,-0.06308332504163,0.01101031005911,-0.00268391400998
721,26.32258064516129,44.45785639958377,-0.06295450032754,0.01289271484703,-0.00153596000879
722,27.87096774193548,45.23621227887617,-0.06277978574929,0.01484331851779,1.345784941e-05
723,29.41935483870968,46.01456815816858,-0.06250407167827,0.01685477290773,0.00198623894097
724,30.96774193548388,46.79292403746099,-0.06203270779598,0.01891485192582,0.00437354660397
725,32.51612903225807,47.57127991675338,-0.06123076472507,0.02097713409006,0.00722635819218
726,34.06451612903225,48.34963579604578,-0.059902976769,0.02298012520044,0.01057669632238
727,35.61290322580644,49.12799167533819,-0.05775081611191,0.02483083386452,0.01448192924052
728,37.16129032258064,49.90634755463059,-0.05439298543442,0.02648281300738,0.01894017179188
729,38.70967741935486,50.684703433923,-0.04937367145229,0.02805105361084,0.02390740865629
730,40.25806451612903,51.46305931321541,-0.04233987671356,0.03009929203298,0.02929597527596
731,41.80645161290322,52.2414151925078,-0.03319900785797,0.03402039371496,0.03516288012313
732,43.35483870967742,53.01977107180021,-0.02253839012097,0.04275195350524,0.0419040708954
733,44.90322580645162,53.79812695109263,-0.01204071118954,0.0617243364308,0.04988506099183
734,46.45161290322581,54.57648283038503,-0.00431989212567,0.09869970432141,0.05742005922751
735,48.0,55.35483870967742,0.00026706222723,0.04808256396811,0.02062921343921
736,0.0,32.64516129032258,-0.00926121491368,-0.00320984409223,0.00099185013366
737,1.54838709677419,33.39438085327784,-0.03556673961048,-0.01770160001594,0.00730024541291
738,3.09677419354839,34.14360041623308,-0.04385361420658,-0.02270802837449,0.01149097622783
739,4.64516129032258,34.89281997918834,-0.05293311194099,-0.02347902535632,0.01408189981966
740,6.19354838709677,35.6420395421436,-0.06157218246475,-0.0211255149021,0.01438112312734
741,7.74193548387097,36.39125910509886,-0.06893707477136,-0.01702605019599,0.01243426201308
742,9.29032258064516,37.14047866805411,-0.0741300043399,-0.01266596837189,0.00868279650066
743,10.83870967741936,37.88969823100936,-0.07711435191364,-0.00896616709346,0.00434111769657
744,12.38709677419355,38.63891779396462,-0.07842510808659,-0.00605759646734,0.00010964715093
745,13.93548387096774,39.38813735691988,-0.07858712387633,-0.00387260274134,-0.00339356014213
746,15.48387096774194,40.13735691987513,-0.07831931643182,-0.00199960151105,-0.00611499024359
747,17.03225806451613,40.88657648283038,-0.07773357127756,-0.00039453042432,-0.00809885243644
748,18.58064516129032,41.63579604578564,-0.07715048100491,0.00113750256212,-0.00934497485971
749,20.12903225806452,42.3850156087409,-0.07655918156187,0.00263360091208,-0.01000307971285
750,21.67741935483871,43.13423517169616,-0.076051040593,0.0041526617015,-0.01007332534804
751,23.2258064516129,43.88345473465142,-0.07558510613701,0.00572855771809,-0.00967242224868
752,24.7741935483871,44.63267429760666,-0.07515079050039,0.00736960589291,-0.00879794880832
753,26.32258064516129,45.38189386056192,-0.07469194697835,0.00909932116734,-0.00751833021882
754,27.87096774193548,46.13111342351716,-0.07414557890018,0.01090546189231,-0.00582192192072
755,29.41935483870968,46.88033298647243,-0.07342932325581,0.01278856397116,-0.00373490029729
756,30.96774193548388,47.62955254942769,-0.07242528312079,0.01471081212435,-0.00122842139469
757,32.51612903225807,48.37877211238294,-0.07098649080992,0.01662825928464,0.00170517845822
758,34.06451612903225,49.12799167533818,-0.06888702725255,0.01845679314395,0.00510594550097
759,35.61290322580644,49.87721123829343,-0.06584447532468,0.02011189841639,0.00897666979383
760,37.16129032258064,50.62643080124869,-0.06147477206474,0.02154588079309,0.01330799063449
761,38.70967741935486,51.37565036420396,-0.05540300863754,0.02290401172621,0.0180380748661
762,40.25806451612903,52.12486992715921,-0.04730002284307,0.02474147289454,0.02315543619118
763,41.80645161290322,52.87408949011446,-0.03711806705238,0.02841561503048,0.02886973736958
764,43.35483870967742,53.62330905306973,-0.02531025500136,0.03681823794827,0.03594303208102
765,44.90322580645162,54.37252861602497,-0.01361091672642,0.05587977344966,0.04525256604288
766,46.45161290322581,55.12174817898024,-0.00488905341181,0.09480525674047,0.05501396225496
767,48.0,55.87096774193549,0.00086920684788,0.05012806134536,0.02231163484519
768,0.0,34.06451612903226,-0.01614166751776,-0.00536185183029,-3.266529781e-05
769,1.54838709677419,34.78459937565036,-0.05662305330663,-0.02344064658035,0.0048282568938
770,3.09677419354839,35.50468262226846,-0.06613496320658,-0.02686514364493,0.00922824346816
771,4.64516129032258,36.22476586888657,-0.07578705296721,-0.02576831090952,0.01124323594913
772,6.19354838709677,36.94484911550468,-0.08457097178599,-0.02160080959545,0.01031958837184
773,7.74193548387097,37.66493236212279,-0.09087346800895,-0.01653619956333,0.00658684772896
774,9.29032258064516,38.3850156087409,-0.09432784744885,-0.01218018153878,0.00159953581782
775,10.83870967741936,39.105098855359,-0.09544884256067,-0.00899756533372,-0.00357481756897
776,12.38709677419355,39.8251821019771,-0.09498512532042,-0.00693922076741,-0.00786621551114
777,13.93548387096774,40.54526534859522,-0.09408467742773,-0.00529885389048,-0.01118422780966
778,15.48387096774194,41.26534859521332,-0.09285768151314,-0.00399880594079,-0.01367686179388
779,17.03225806451613,41.98543184183144,-0.0917147030854,-0.00279495049042,-0.01531287010905
780,18.58064516129032,42.70551508844953,-0.09064083009405,-0.0016084014739,-0.0163247889419
781,20.12903225806452,43.42559833506764,-0.08971404365511,-0.00039941567453,-0.01670047305966
782,21.67741935483871,44.14568158168574,-0.08889462061003,0.00089421131175,-0.01658954366702
783,23.2258064516129,44.86576482830384,-0.08814484261191,0.00225877214665,-0.01599087315538
784,24.7741935483871,45.58584807492196,-0.08741085908512,0.00373476945025,-0.01498343165588
785,26.32258064516129,46.30593132154006,-0.08661258003287,0.00529962200698,-0.01356539446808
786,27.87096774193548,47.02601456815816,-0.08567508845503,0.00696731078896,-0.01176923127205
787,29.41935483870968,47.74609781477628,-0.08448540346259,0.00870577744758,-0.0095833985018
788,30.96774193548388,48.46618106139439,-0.08292528181199,0.01048847004467,-0.00701193865026
789,32.51612903225807,49.18626430801249,-0.08081663293478,0.01225111760461,-0.0040341573685
790,34.06451612903225,49.90634755463059,-0.07795071629714,0.01391201041511,-0.00065297911763
791,35.61290322580644,50.62643080124869,-0.07403027866066,0.01538202385202,0.00312861868131
792,37.16129032258064,51.3465140478668,-0.06873835673619,0.01662336634777,0.00725802420247
793,38.70967741935486,52.06659729448491,-0.06171425667454,0.01777698902622,0.01170066078933
794,40.25806451612903,52.78668054110302,-0.05272640346835,0.01937950895944,0.01648193679342
795,41.80645161290322,53.50676378772112,-0.0416399473953,0.02266812529668,0.02195803701525
796,43.35483870967742,54.22684703433924,-0.02877297392835,0.03040307216589,0.02923593580012
797,44.90322580645162,54.94693028095735,-0.01568376519842,0.04901483279801,0.03989946624888
798,46.45161290322581,55.66701352757545,-0.00571027745298,0.08981172268665,0.05219286321778
799,48.0,56.38709677419355,0.00055782892827,0.04835218918628,0.02133642565314
800,0.0,35.48387096774194,-0.02231517545277,-0.0090186624546,-0.00160539243106
801,1.54838709677419,36.1748178980229,-0.08053336719363,-0.02942841179503,0.00258501114123
802,3.09677419354839,36.86576482830386,-0.09098918780314,-0.03077270648932,0.00701216434061
803,4.64516129032258,37.55671175858481,-0.10147001009268,-0.02698120285682,0.00797367943071
804,6.19354838709677,38.24765868886576,-0.10934998246563,-0.02093551211415,0.00482417813046
805,7.74193548387097,38.93860561914672,-0.1136637768934,-0.01531714896352,-0.00072107498669
806,9.29032258064516,39.62955254942768,-0.11457988007681,-0.01142997454232,-0.00711872391244
807,10.83870967741936,40.32049947970864,-0.11314103084535,-0.00941456756763,-0.01239072243566
808,12.38709677419355,41.0114464099896,-0.11131880585919,-0.00799945724934,-0.01632809504333
809,13.93548387096774,41.70239334027054,-0.10921633704307,-0.00700956434314,-0.01933239041065
810,15.48387096774194,42.3933402705515,-0.10733313430265,-0.00616858484487,-0.02131866056929
811,17.03225806451613,43.08428720083247,-0.10566224902999,-0.00531059609554,-0.02264624830547
812,18.58064516129032,43.77523413111342,-0.10423494072088,-0.00444110407545,-0.02329434367988
813,20.12903225806452,44.46618106139438,-0.10301999515609,-0.00345188163087,-0.02344682393144
814,21.67741935483871,45.15712799167534,-0.10193310649398,-0.00239015251152,-0.02310971945805
815,23.2258064516129,45.8480749219563,-0.10092454210795,-0.00119315852106,-0.02236464733558
816,24.7741935483871,46.53902185223725,-0.09988620819805,0.00010066851455,-0.02122230680562
817,26.32258064516129,47.22996878251821,-0.09874736250213,0.0015191885906,-0.01971077499953
818,27.87096774193548,47.92091571279916,-0.09738959415471,0.00303170833251,-0.0178347415401
819,29.41935483870968,48.61186264308013,-0.0957097522994,0.00462737853721,-0.01559618536306
820,30.96774193548388,49.30280957336109,-0.0935592214497,0.00626263632695,-0.01299246519002
821,32.51612903225807,49.99375650364205,-0.09077538616084,0.00787177273847,-0.01002611915647
822,34.06451612903225,50.68470343392299,-0.0871360096488,0.00937750904054,-0.00670519670098
823,35.61290322580644,51.37565036420395,-0.08239512378116,0.0106823502461,-0.00307490931251
824,37.16129032258064,52.06659729448491,-0.07624931649607,0.0117618034772,0.00081788266116
825,38.70967741935486,52.75754422476588,-0.06843934642097,0.01272724925664,0.00491615935508
826,40.25806451612903,53.44849115504684,-0.05872461079844,0.01407035498072,0.00932343937586
827,41.80645161290322,54.13943808532778,-0.04700036527099,0.01687617435604,0.01443308334302
828,43.35483870967742,54.83038501560874,-0.03316963057676,0.02356032564783,0.02168405839489
829,44.90322580645162,55.5213319458897,-0.01856714058798,0.0410150740258,0.03360318185356
830,46.45161290322581,56.21227887617066,-0.00688833286564,0.08346057827371,0.04876741576939
831,48.0,56.90322580645162,0.00024645100866,0.04657631702719,0.0203612164611
832,0.0,36.90322580645162,-0.03184503310375,-0.01131998278335,-0.00204828941749
833,1.54838709677419,37.56503642039542,-0.10748130639804,-0.03577307285219,0.0007778807305
834,3.09677419354839,38.22684703433923,-0.11975325143995,-0.03369002235456,0.00470837126594
835,4.64516129032258,38.88865764828304,-0.12976524463461,-0.02672689019019,0.0032330717615
836,6.19354838709677,39.55046826222684,-0.13570467325988,-0.01891883149329,-0.00249702838366
837,7.74193548387097,40.21227887617066,-0.13651177470713,-0.01348585093022,-0.01058089907329
838,9.29032258064516,40.87408949011447,-0.13349289905464,-0.01134838230654,-0.01720335867726
839,10.83870967741936,41.53590010405828,-0.1302638492968,-0.01016700008981,-0.02176444231759
840,12.38709677419355,42.19771071800208,-0.12694826319659,-0.00946716054208,-0.02525032259338
841,13.93548387096774,42.85952133194589,-0.12406810337336,-0.00901892778973,-0.02750548336114
842,15.48387096774194,43.5213319458897,-0.12165064740482,-0.00849061942651,-0.02906472494062
843,17.03225806451613,44.1831425598335,-0.11961735685499,-0.00797390473392,-0.02991871666583
844,18.58064516129032,44.84495317377732,-0.11795264454078,-0.00729651135527,-0.03027644438032
845,20.12903225806452,45.50676378772113,-0.11649960866412,-0.00654880757822,-0.03016390033252
846,21.67741935483871,46.16857440166493,-0.11521236608916,-0.00564423085861,-0.02965344412675
847,23.2258064516129,46.83038501560875,-0.11394336340411,-0.004639352966,-0.0287726954764
848,24.7741935483871,47.49219562955255,-0.1126231818336,-0.0034935722111,-0.02753578567129
849,26.32258064516129,48.15400624349635,-0.11111799588201,-0.00224084643536,-0.02596340812417
850,27.87096774193548,48.81581685744016,-0.10933188015995,-0.00087673543645,-0.02404408674049
851,29.41935483870968,49.47762747138398,-0.10712945770245,0.0005688034718,-0.02179299120029
852,30.96774193548388,50.13943808532779,-0.10437293215161,0.00205105329832,-0.01919792500016
853,32.51612903225807,50.80124869927159,-0.10089791742953,0.00352214698396,-0.01628011263487
854,34.06451612903225,51.4630593132154,-0.09650665604592,0.00487597664513,-0.01306747718292
855,35.61290322580644,52.1248699271592,-0.09098278241937,0.00605867069262,-0.00960703563572
856,37.16129032258064,52.78668054110302,-0.08410676195672,0.0070000979665,-0.00599463986865
857,38.70967741935486,53.44849115504684,-0.07564125426554,0.00781379529597,-0.0022450899244
858,40.25806451612903,54.11030176899064,-0.06546437961095,0.00888385166886,0.00172943517404
859,41.80645161290322,54.77211238293444,-0.05337345982524,0.01116116185372,0.00637219623369
860,43.35483870967742,55.43392299687826,-0.03894711626009,0.01646566790537,0.0131927521638
861,44.90322580645162,56.09573361082207,-0.02263834265862,0.03175768212804,0.02605113833415
862,46.45161290322581,56.75754422476587,-0.0087418819789,0.07542237394564,0.0444426750916
863,48.0,57.41935483870968,0.00026935772703,0.04539177445669,0.02017720099756
864,0.0,38.3225806451613,-0.04137489075473,-0.0136213031121,-0.00249118640393
865,1.54838709677419,38.95525494276795,-0.1397807629711,-0.04175494690253,-0.0008017532205
866,3.09677419354839,39.58792924037462,-0.15232767773378,-0.03518793207121,0.00128324684744
867,4.64516129032258,40.22060353798127,-0.16132592419148,-0.02405580902575,-0.00354691398567
868,6.19354838709677,40.85327783558793,-0.1623937885009,-0.01544942883131,-0.01401319542374
869,7.74193548387097,41.4859521331946,-0.15670002499778,-0.01281370564774,-0.0227156395093
870,9.29032258064516,42.11862643080125,-0.15119311665297,-0.01194989989864,-0.02786481532998
871,10.83870967741936,42.7513007284079,-0.14617560877246,-0.01148377782366,-0.03171501015596
872,12.38709677419355,43.38397502601458,-0.14194044909893,-0.01144617329326,-0.03409178367903
873,13.93548387096774,44.01664932362124,-0.1385888964954,-0.01122449196171,-0.03572475455464
874,15.48387096774194,44.64932362122788,-0.13582590290062,-0.01104521001986,-0.03667138144631
875,17.03225806451613,45.28199791883455,-0.13365008203273,-0.01066604156385,-0.03713345273833
876,18.58064516129032,45.9146722164412,-0.13180212293805,-0.01021939420355,-0.03717838734336
877,20.12903225806452,46.54734651404787,-0.13023275216316,-0.0096036944759,-0.03685102303419
878,21.67741935483871,47.18002081165453,-0.12874619077816,-0.008887230736,-0.03620018967822
879,23.2258064516129,47.81269510926119,-0.12726870198756,-0.00802339467944,-0.03521845392522
880,24.7741935483871,48.44536940686785,-0.1256435577239,-0.00704937008995,-0.03393903709419
881,26.32258064516129,49.07804370447451,-0.12377758027446,-0.00594691297185,-0.03233293562099
882,27.87096774193548,49.71071800208116,-0.12153219047672,-0.00474351551485,-0.03042759799
883,29.41935483870968,50.34339229968783,-0.11878666661612,-0.00345407899798,-0.02818804950465
884,30.96774193548388,50.97606659729449,-0.11540525123877,-0.00211278236363,-0.02565278522863
885,32.51612903225807,51.60874089490115,-0.111223465539,-0.00079467354203,-0.02280813896693
886,34.06451612903225,52.2414151925078,-0.10610550299177,0.00046164190405,-0.01972596451586
887,35.61290322580644,52.87408949011446,-0.09984795502673,0.00151239928494,-0.01646380263212
888,37.16129032258064,53.50676378772112,-0.09234405625869,0.00240265781244,-0.01309380468283
889,38.70967741935486,54.13943808532779,-0.08344043137158,0.003077649278,-0.00974301975193
890,40.25806451612903,54.77211238293444,-0.07299796683599,0.0038926924558,-0.00616708861719
891,41.80645161290322,55.40478668054111,-0.06105505221791,0.00567920548979,-0.00211003288841
892,43.35483870967742,56.03746097814777,-0.04654232023163,0.00942956840467,0.00378247141764
893,44.90322580645162,56.67013527575443,-0.02874118572219,0.02125727450217,0.01680218236938
894,46.45161290322581,57.30280957336109,-0.01165858029299,0.0651481722199,0.03868994789775
895,48.0,57.93548387096774,0.0030502400191,0.0464669852236,0.02372377162514
896,0.0,39.74193548387097,-0.05419607521352,-0.01675898019949,-0.00253833570464
897,1.54838709677419,40.34547346514048,-0.17754662766159,-0.04751080058236,-0.00239978534578
898,3.09677419354839,40.94901144640998,-0.1921070895321,-0.03275912880286,-0.00389220832174
899,4.64516129032258,41.5525494276795,-0.19424211501298,-0.01807829012072,-0.01753882878667
900,6.19354838709677,42.156087408949,-0.18378909650887,-0.01393062824405,-0.02967138747766
901,7.74193548387097,42.75962539021852,-0.17435678805592,-0.0136398056726,-0.03529293716001
902,9.29032258064516,43.36316337148804,-0.16693108566074,-0.0133071669028,-0.03916029905556
903,10.83870967741936,43.96670135275754,-0.16087165461495,-0.01365037303319,-0.04139784830879
904,12.38709677419355,44.57023933402706,-0.15636783963189,-0.01367823358564,-0.04282806994522
905,13.93548387096774,45.17377731529656,-0.15275266772176,-0.01376818927428,-0.04368612982923
906,15.48387096774194,45.77731529656607,-0.15000999579473,-0.01364223529524,-0.04409580794233
907,17.03225806451613,46.38085327783558,-0.14775257124154,-0.01344659329128,-0.04419218795463
908,18.58064516129032,46.9843912591051,-0.14590759866683,-0.01309174471413,-0.04396714813121
909,20.12903225806452,47.58792924037461,-0.14422928295847,-0.01263690477813,-0.04349196672543
910,21.67741935483871,48.19146722164412,-0.14262787375952,-0.01204534399164,-0.04273145145251
911,23.2258064516129,48.79500520291364,-0.14092285379883,-0.01134714543379,-0.04172350592202
912,24.7741935483871,49.39854318418314,-0.13901671973764,-0.01051946173821,-0.04042476368753
913,26.32258064516129,50.00208116545264,-0.13675818147834,-0.00958930870475,-0.03886060347769
914,27.87096774193548,50.60561914672216,-0.13403960085188,-0.00854128337021,-0.03698284740789
915,29.41935483870968,51.20915712799168,-0.13072329364159,-0.00741723376415,-0.03482807363814
916,30.96774193548388,51.81269510926119,-0.12668368398207,-0.00622434632407,-0.03235030025531
917,32.51612903225807,52.4162330905307,-0.12180403782898,-0.00502892719132,-0.02963618617792
918,34.06451612903225,53.01977107180021,-0.11593672057248,-0.00389501154009,-0.02665989528447
919,35.61290322580644,53.62330905306971,-0.10904630638858,-0.00286405687716,-0.02359832413816
920,37.16129032258064,54.22684703433922,-0.10096883211434,-0.00209380237394,-0.02045139372313
921,38.70967741935486,54.83038501560874,-0.09187411416133,-0.00133939854759,-0.01738049444197
922,40.25806451612903,55.43392299687826,-0.08150022128885,-0.00088525981497,-0.01435952046533
923,41.80645161290322,56.03746097814776,-0.0700479296218,0.00053874571525,-0.010661713581
924,43.35483870967742,56.64099895941728,-0.05678940878425,0.00305614793127,-0.00637904366423
925,44.90322580645162,57.24453694068679,-0.03795636017944,0.00972415495149,0.0053429467868
926,46.45161290322581,57.8480749219563,-0.01690325952047,0.05194634036345,0.03058480061695
927,48.0,58.45161290322581,0.00083646966976,0.04178596304946,0.02068828273255
928,0.0,41.16129032258065,-0.09180085329488,-0.03168368277223,0.01727372705139
929,1.54838709677419,41.73569198751302,-0.23213224251257,-0.04812220996817,-0.00511690433508
930,3.09677419354839,42.31009365244538,-0.23577077649758,-0.02375466347935,-0.02205096536907
931,4.64516129032258,42.88449531737774,-0.21625105005759,-0.01514596003779,-0.03946110184645
932,6.19354838709677,43.4588969823101,-0.19976707683864,-0.01579119010979,-0.0452569100161
933,7.74193548387097,44.03329864724246,-0.18895201970633,-0.01546896017407,-0.0482385353143
934,9.29032258064516,44.60770031217483,-0.18055872113451,-0.01599463258728,-0.04986130601822
935,10.83870967741936,45.18210197710719,-0.17469739204528,-0.01615821208359,-0.05063626190836
936,12.38709677419355,45.75650364203954,-0.17016052164164,-0.01635144050356,-0.05112417405985
937,13.93548387096774,46.33090530697191,-0.16683088911548,-0.01638278108242,-0.05125810712025
938,15.48387096774194,46.90530697190427,-0.16418878386536,-0.01633281239547,-0.05125099462149
939,17.03225806451613,47.47970863683663,-0.16210188740649,-0.01617407127553,-0.05101507308366
940,18.58064516129032,48.05411030176899,-0.1602832715858,-0.01591900782259,-0.0506351146288
941,20.12903225806452,48.62851196670135,-0.15861009631064,-0.01556400184324,-0.0500437839378
942,21.67741935483871,49.20291363163371,-0.15688492897702,-0.01511160120657,-0.04927229008025
943,23.2258064516129,49.77731529656608,-0.15499434485629,-0.01455145441255,-0.04826743855824
944,24.7741935483871,50.35171696149845,-0.1527769250425,-0.01389667743774,-0.04703711276464
945,26.32258064516129,50.9261186264308,-0.15012568535995,-0.01312091058596,-0.04553531380246
946,27.87096774193548,51.50052029136317,-0.14689302252194,-0.01226558896649,-0.0437680068034
947,29.41935483870968,52.07492195629554,-0.14297988264174,-0.01128482905229,-0.04169491817052
948,30.96774193548388,52.6493236212279,-0.13825260265037,-0.01027606886894,-0.03935423036689
949,32.51612903225807,53.22372528616025,-0.13263777144891,-0.00917147152776,-0.03671471487733
950,34.06451612903225,53.79812695109261,-0.12605690307046,-0.00815814440923,-0.03391341877503
951,35.61290322580644,54.37252861602497,-0.11850640900077,-0.00713040722124,-0.03090515496857
952,37.16129032258064,54.94693028095733,-0.11007626543192,-0.00634717006568,-0.02802505249347
953,38.70967741935486,55.52133194588971,-0.10081574507388,-0.00563839550047,-0.0250246683095
954,40.25806451612903,56.09573361082206,-0.09114470091379,-0.00501994136935,-0.02252447285303
955,41.80645161290322,56.67013527575442,-0.08050450405941,-0.00459003599432,-0.01935408818618
956,43.35483870967742,57.24453694068679,-0.06972811673198,-0.00184453979714,-0.0161533942753
957,44.90322580645162,57.81893860561915,-0.05322906901559,-0.00159895215029,-0.00890554256159
958,46.45161290322581,58.39334027055151,-0.02633689327025,0.03444534087887,0.0181849952933
959,48.0,58.96774193548387,-0.00137730067957,0.03710494087533,0.01765279383997
960,0.0,42.58064516129032,-0.16561133526022,-0.04231669127426,-0.00073379645107
961,1.54838709677419,43.12591050988554,-0.29421174389281,-0.04048827428382,-0.03330257467429
962,3.09677419354839,43.67117585848074,-0.25523741398675,-0.01901460249206,-0.05480940835476
963,4.64516129032258,44.21644120707596,-0.22641247590045,-0.01947982206879,-0.05977364912452
964,6.19354838709677,44.76170655567117,-0.21114269713869,-0.01909395662572,-0.05986779288444
965,7.74193548387097,45.30697190426639,-0.20020469041026,-0.01912157098781,-0.05997726038583
966,9.29032258064516,45.8522372528616,-0.19294957077833,-0.01917996026457,-0.05943914909462
967,10.83870967741936,46.39750260145681,-0.18758965373998,-0.01914120837443,-0.05913684556917
968,12.38709677419355,46.94276795005203,-0.18375477647464,-0.01914458068882,-0.05870895235789
969,13.93548387096774,47.48803329864725,-0.18083497748226,-0.01905630380295,-0.05838831528198
970,15.48387096774194,48.03329864724245,-0.17859710776714,-0.01897295009495,-0.05799889174753
971,17.03225806451613,48.57856399583766,-0.17673433830228,-0.01881078978392,-0.057607014028
972,18.58064516129032,49.12382934443287,-0.17507571935055,-0.01861988912692,-0.05711495994289
973,20.12903225806452,49.66909469302809,-0.17341840980237,-0.0183521727765,-0.0565311047804
974,21.67741935483871,50.21436004162331,-0.17162267888514,-0.01802509171546,-0.05579466362937
975,23.2258064516129,50.75962539021852,-0.16952642175321,-0.01761853860378,-0.05488680793273
976,24.7741935483871,51.30489073881373,-0.16700742929867,-0.01712150856329,-0.05376867622024
977,26.32258064516129,51.85015608740894,-0.16391937395727,-0.01654627392897,-0.05240524900282
978,27.87096774193548,52.39542143600416,-0.16015703515852,-0.01584798933332,-0.05077910771848
979,29.41935483870968,52.94068678459938,-0.15558646433063,-0.01509375913316,-0.04884949809671
980,30.96774193548388,53.48595213319459,-0.15014480066659,-0.01418591713295,-0.04663610924899
981,32.51612903225807,54.0312174817898,-0.14374018623968,-0.01330279196754,-0.04411591792339
982,34.06451612903225,54.576482830385,-0.13643184450321,-0.01223610322851,-0.04137946658124
983,35.61290322580644,55.12174817898022,-0.12824719322855,-0.0114009107689,-0.03846250713245
984,37.16129032258064,55.66701352757544,-0.11950569978936,-0.01028409256789,-0.03553927863954
985,38.70967741935486,56.21227887617066,-0.11040718277663,-0.00984584717263,-0.03274181993241
986,40.25806451612903,56.75754422476587,-0.10156050766671,-0.00860021735966,-0.03012913416469
987,41.80645161290322,57.30280957336108,-0.09305926740831,-0.00909127278126,-0.02803183331729
988,43.35483870967742,57.8480749219563,-0.08490827154696,-0.006174198832,-0.02504960492747
989,44.90322580645162,58.39334027055151,-0.07605582010539,-0.00909686960826,-0.023278485129
990,46.45161290322581,58.93860561914672,-0.05123956985823,0.01233237399384,-0.00306707312259
991,48.0,59.48387096774194,-0.00353351803631,0.04573007371834,0.02243270276434
992,0.0,44.0,-0.38704278115624,-0.07421571678035,-0.05475636695844
993,1.54838709677419,44.51612903225806,-0.14688954609129,-0.01015997675003,-0.03990308633424
994,3.09677419354839,45.03225806451613,-0.08429719190646,-0.00715508589092,-0.03007556338184
995,4.64516129032258,45.54838709677419,-0.07066801975207,-0.0075368539485,-0.03354906920753
996,6.19354838709677,46.06451612903226,-0.07301037641396,-0.00778029976692,-0.02391883971019
997,7.74193548387097,46.58064516129032,-0.07038914761306,-0.00760701460448,-0.02292481214561
998,9.29032258064516,47.09677419354838,-0.06829429263072,-0.00740382847588,-0.02263170904418
999,10.83870967741935,47.61290322580645,-0.06697098225474,-0.00741056312769,-0.02211547410373
1000,12.38709677419355,48.12903225806451,-0.0659023569546,-0.00724413862618,-0.02195562788016
1001,13.93548387096774,48.64516129032258,-0.06517331238214,-0.00729649629094,-0.02167271890794
1002,15.48387096774194,49.16129032258065,-0.06436589378118,-0.00715869060918,-0.02153405797814
1003,17.03225806451613,49.67741935483871,-0.06355847518022,-0.00702088492743,-0.02139539704835
1004,18.58064516129032,50.19354838709678,-0.06352576945048,-0.00710044484268,-0.02128677118104
1005,20.12903225806452,50.70967741935484,-0.06298287831137,-0.00714157932182,-0.02108677143943
1006,21.67741935483871,51.2258064516129,-0.0623455541846,-0.00700164657737,-0.02093307490695
1007,23.2258064516129,51.74193548387097,-0.06155896114203,-0.00701465716833,-0.02064708727387
1008,24.7741935483871,52.25806451612903,-0.06060535429273,-0.00682349231446,-0.02038558433175
1009,26.32258064516129,52.7741935483871,-0.05938976131594,-0.00680368474589,-0.01994117445148
1010,27.87096774193548,53.29032258064516,-0.05787355070489,-0.00644838931683,-0.01929830749523
1011,29.41935483870968,53.80645161290322,-0.05635734009385,-0.00609309388777,-0.01865544053898
1012,30.96774193548387,54.32258064516129,-0.05412778567547,-0.00601917930593,-0.01825163628142
1013,32.51612903225806,54.83870967741935,-0.0516444014471,-0.00601483997054,-0.01729786720107
1014,34.06451612903226,55.35483870967742,-0.04909158977464,-0.00526990517674,-0.01653194015863
1015,35.61290322580645,55.87096774193549,-0.04605030527865,-0.00551426614146,-0.01532855635369
1016,37.16129032258064,56.38709677419355,-0.04341010990724,-0.0042209656566,-0.01454980927207
1017,38.70967741935484,56.90322580645162,-0.04032037921061,-0.00539495857839,-0.01337139816928
1018,40.25806451612903,57.41935483870968,-0.03740728270461,-0.0040736904486,-0.01248393943792
1019,41.80645161290322,57.93548387096774,-0.03449418619861,-0.00275242231881,-0.01159648070655
1020,43.35483870967742,58.45161290322581,-0.03776505856687,0.00094723593027,-0.01204068087076
1021,44.90322580645161,58.96774193548387,-0.04354074801654,-0.02392679624657,-0.02418188652036
1022,46.45161290322581,59.48387096774194,-0.04455101405596,-0.00559926451052,-0.01505508747244
1023,48.0,60.0,-0.04758181217421,0.04938333069762,0.01232530967129
