,sigma_x_ref,sigma_y_ref,sigma_xy_ref
0,0.03817863140713602,0.022414504209352537,0.031024773873913353
1,0.044842843109919976,0.03461610295103507,0.03909478553895289
2,0.04940253066347918,0.03721550582580886,0.04328869464038919
3,0.05415758738711435,0.04238771740925666,0.04755104219748489
4,0.059451052287309965,0.045134320281797057,0.05213630085417504
5,0.0654482912862571,0.05094616614392205,0.05742155136332099
6,0.07204755573287008,0.05499173555111755,0.06331206090545612
7,0.07909101589518336,0.061922179156647605,0.06970289220683082
8,0.08636889301673623,0.06687355420312258,0.07639289800640098
9,0.09365521720588178,0.07433020604751144,0.08318404678212131
10,0.10073690210949596,0.07942818057113663,0.08984975987826724
11,0.10740964906389655,0.08661407019716333,0.09621574752540267
12,0.11351182974052049,0.09110562005072559,0.10207985419076372
13,0.11891297037878906,0.09732910435718173,0.10734641376922928
14,0.12353298103086374,0.10066640602484156,0.11187779817226895
15,0.12733973630047468,0.10551434870653664,0.11567382109213385
16,0.13032745757521472,0.10745997878536392,0.11868189111134578
17,0.13255352333870768,0.11085348021455549,0.12096388279228673
18,0.13403237951941702,0.11145148553091458,0.12255181289526254
19,0.13488652729029327,0.11355854587281988,0.12347959701271806
20,0.13505285579381296,0.11296951026094762,0.12387496643478758
21,0.13473134147100296,0.11402391785995736,0.1235948858392075
22,0.13361567487634096,0.1123000318747978,0.12295071154693886
23,0.1321267413411052,0.11242416295241907,0.12136695502964882
24,0.12932553362015783,0.10928409627522256,0.11960034254431602
25,0.12636808266209,0.10833897581091341,0.11610519512043206
26,0.12048163761452765,0.10284952465563105,0.11268969567765724
27,0.11531006509643701,0.10012885932021279,0.10556581412661381
28,0.1018779738459839,0.08982200083754871,0.09875884853650264
29,0.09319573907177864,0.08278885194319735,0.08327955066725835
30,0.05101331762218875,0.058874975451340905,0.06376664702773828
31,0.04883924724480439,0.021977960570127446,0.036654328150046815
32,0.05119476473185158,0.0306703198811492,0.040641569870622674
33,0.055854831797765674,0.03657129701435816,0.04513371310444276
34,0.06081754475380252,0.039001544110884204,0.04911948621147017
35,0.0664175204632696,0.04361704740252555,0.05363661818540437
36,0.07238796635723871,0.04643541627826435,0.05856247130963524
37,0.07866456299094468,0.05203888432917254,0.06399385449379118
38,0.08507410669327382,0.05599748319866836,0.06977420513001051
39,0.09144080842098821,0.06258718566208195,0.07579380846908498
40,0.09761807467410995,0.06727745622978086,0.08183350190131554
41,0.1034257474844974,0.07422254162016328,0.08778270478365445
42,0.10875837007987638,0.07892916219023643,0.09338798975293423
43,0.11349491859092264,0.08547836667209019,0.09861532995823565
44,0.11757895460089471,0.08950775165176919,0.10322356231400812
45,0.1209889354728754,0.09504651112864446,0.10727333665294768
46,0.12368817517313785,0.0979227747229669,0.11058810130557253
47,0.12578114200606888,0.10212627084875064,0.11327952381919053
48,0.12716239611640434,0.10368110027863864,0.11529116700827426
49,0.12811205598715847,0.10653336785908007,0.11666497087527025
50,0.12828096785560555,0.10685300307936024,0.11754804839846335
51,0.12828208614444817,0.10851167956834759,0.11770610988953306
52,0.12717966328328434,0.10777960168284506,0.11764693119120004
53,0.12633965205156117,0.10833973487498401,0.11656871892440923
54,0.12350990366368066,0.10669886704341207,0.1155692361963335
55,0.12176635783189842,0.10588900480086733,0.11298799112785689
56,0.11601107279147968,0.10344322882081983,0.11051945020809475
57,0.11276944096501099,0.10009346406572758,0.10595352995893995
58,0.10170789999766808,0.09708411517512558,0.09979777668904126
59,0.09312747184416476,0.08783941667859457,0.09303770452778022
60,0.0750199963730433,0.08450982762723652,0.07476309866487686
61,0.0240207350318552,0.060674897136714256,0.06454272214582042
62,0.054822918242727635,0.022097619640867695,0.04045412159774644
63,0.058075140755160216,0.030096019713682073,0.04311478238022576
64,0.06223366710817732,0.033596186715056604,0.046563946987678434
65,0.06738991377359872,0.037630458742763134,0.05036929732046917
66,0.07281813213057578,0.039569856197683925,0.0545113768126564
67,0.0784890057519835,0.04389769406159148,0.05910114312750467
68,0.08420208177125293,0.04675613669023665,0.06404899020281075
69,0.08979864943822394,0.05225429824032532,0.06931560060089365
70,0.09519466069392336,0.05622807126784872,0.07469343980082532
71,0.10020700132316539,0.06259781034354057,0.08014725227439724
72,0.10480101225121213,0.0671612770258912,0.08537603586175815
73,0.10884820520210878,0.07370939353758191,0.09042588544759583
74,0.11233404804133046,0.07813653768835377,0.09495543651689191
75,0.11524854945846558,0.08412773364174103,0.09911119363689173
76,0.11753450643722663,0.08777468016211931,0.10257991588393062
77,0.11936565716467396,0.09265831170252303,0.10557121609511537
78,0.12050910483657648,0.09515370237460066,0.10787017659739688
79,0.12143483059042473,0.09867860513729307,0.10965476258687534
80,0.12149822158877274,0.09999017409441704,0.11086738682321609
81,0.12170277868344576,0.10214900745024885,0.11154059682713749
82,0.12060360641646434,0.10250916691344752,0.11177479296423987
83,0.12016357551183089,0.10332683058975493,0.11146564719780643
84,0.11758301066399306,0.10309120363314685,0.11060474832608219
85,0.11625447281048454,0.10237620318914475,0.10947015276433476
86,0.11171004537102708,0.10185052432221911,0.10679373937765307
87,0.10813852791599765,0.09913701179759715,0.10511561826275011
88,0.10157068316045256,0.09800593652613579,0.0987858317972133
89,0.09059998572135475,0.09335535909705517,0.0963596105156432
90,0.08335215845647503,0.08819517058344994,0.08428845561928784
91,0.05096167171971844,0.08562862979589625,0.07250460334024668
92,0.013142741906488675,0.06546251612760545,0.06736844093174156
93,0.06083424533578573,0.02361580842243685,0.04306249142943118
94,0.06410384766639066,0.02831452454205473,0.04500781411788996
95,0.06849194406060086,0.03258438151950787,0.047727606642556895
96,0.07334987463543605,0.03409741976125814,0.05110160375075538
97,0.07846306549925237,0.037385890778409876,0.054892256048112195
98,0.08360009911039425,0.03917098958485373,0.059082384697176894
99,0.0885474863042841,0.043474396714968756,0.06363387988186589
100,0.09328634475616712,0.04651288285044722,0.06835610749604905
101,0.09759056577325759,0.05203603022940878,0.0732824649739057
102,0.1015108794299778,0.056135221711236666,0.07806535809075206
103,0.10488336526895906,0.06236491157797028,0.0828468368625941
104,0.1077585265745134,0.0668784193571687,0.0871759292885484
105,0.11011589313230874,0.07305285883400581,0.09132310357177092
106,0.11191389145182185,0.07724878309663108,0.09479991081003576
107,0.11336353916810982,0.0826479206282964,0.09799455347115872
108,0.11417621677442913,0.08597474821535789,0.10042734749238576
109,0.11491822095693668,0.09012136354988212,0.10257998003608493
110,0.11483100881554098,0.0923715090863938,0.10395448648310017
111,0.1150183675744269,0.09508889547271632,0.10516796547979287
112,0.11401359559085888,0.09638898180175726,0.10549903113472742
113,0.11359930689646125,0.09770561677149481,0.10599456085344987
114,0.11158659282402875,0.09831741739057426,0.10512174548884606
115,0.11005718881358399,0.09837438009678202,0.10516280789598667
116,0.10707438754252992,0.0983014141277203,0.10262755223889766
117,0.10288914296636137,0.09753561190013521,0.10221138614896093
118,0.09917663284786749,0.09587292909342471,0.09765134080840172
119,0.08937216940161413,0.09545088341172042,0.09504544844364597
120,0.08261461027132733,0.09026674614810692,0.08998131228778157
121,0.06685615936416966,0.09003344181398876,0.07857500782940215
122,0.03377419275455662,0.08600117011794006,0.07353118441887509
123,0.0073220299210688955,0.07087386863547895,0.06918296746745468
124,0.06624058002352147,0.02358274041402425,0.045100622182506295
125,0.0698164909166145,0.028333080905983167,0.046178927122519864
126,0.07404272272456032,0.029771462632532827,0.048461240242858084
127,0.07855582840242181,0.03234915654979463,0.05135755523116076
128,0.083177037702919,0.0331859746581221,0.05479240558218056
129,0.0875506286595665,0.03630316926364294,0.05864927261175042
130,0.09173890166874768,0.03827913412284128,0.06273329937925366
131,0.0954200593959213,0.042760772354284715,0.06712798092080054
132,0.0987493596788802,0.04612620904486327,0.07143263887224272
133,0.10148595580748154,0.05175332734584748,0.07589443278999208
134,0.10377764065988078,0.056043945705209194,0.07994011927666868
135,0.10554771004655875,0.06212740180014617,0.08399550096414948
136,0.10682975270756381,0.06660442213084125,0.08736408110201363
137,0.10779784582655741,0.07233323283187318,0.09067181743764466
138,0.10822635063929165,0.07630076835659227,0.09311013782532447
139,0.10862450935453885,0.0810171156775644,0.09554998409565485
140,0.10835734234653316,0.08405647420548279,0.09697353391549807
141,0.10831586289932524,0.08743169736126336,0.09863559350647305
142,0.10743372024269085,0.08945829311662898,0.099024877949449
143,0.10681502144327681,0.0915250029508703,0.10011129500870863
144,0.10536300337826232,0.09260545322752514,0.09940383178928817
145,0.10360216302400588,0.09371733980733102,0.10003231334379842
146,0.10163210066577615,0.09373567582443804,0.09820444728101206
147,0.09770636985409775,0.0945022848300211,0.0979576699725579
148,0.09469386616831507,0.09307657249344395,0.09545089012242322
149,0.08790137042173432,0.09374681206117616,0.09271708467480771
150,0.08013544696278019,0.09155082457754982,0.0902308880589469
151,0.07146259596715127,0.08967486524010454,0.08394573218478703
152,0.050640474224792786,0.09085217976946991,0.07584202101935429
153,0.0219109372074483,0.0865697461000029,0.07556868484627106
154,0.003750922548672375,0.07613535376098335,0.06986922956070009
155,0.0712262725990451,0.025144206457524482,0.046161096953394855
156,0.07486045592865824,0.02660587293605782,0.04689507533929739
157,0.07875384087432694,0.02869518260378674,0.04863202957737613
158,0.0828781675419914,0.028736333923807894,0.0511874636922572
159,0.08671283315999623,0.030744662917781086,0.054311691575607564
160,0.09042902295781116,0.031608460589683945,0.057751677893223774
161,0.09355751740673376,0.034927792761475,0.06161361345561332
162,0.09638094489030008,0.03734904382217347,0.06542828107983684
163,0.09853236914104598,0.042135218377896896,0.06954531012341189
164,0.10029335827042908,0.04591450897673903,0.07326116301023484
165,0.10147343627282773,0.05164300877350142,0.077167826899365
166,0.10224562621979547,0.05611308106677684,0.08035198512233856
167,0.10266396666812576,0.061966102289062755,0.08368994469071399
168,0.10267671418480903,0.06633809272731908,0.08604754801732264
169,0.10260770984191288,0.07153306982125705,0.08866524331945119
170,0.10211026874758371,0.07518318035907147,0.0900775907836174
171,0.10170086736224823,0.07924393538448873,0.09202844118225419
172,0.10085749084483552,0.08185577097427439,0.09249814546090128
173,0.09997624642672952,0.08473778274171491,0.09391200176037372
174,0.09884143792966951,0.08622733143167,0.09351133779675681
175,0.09706274625991995,0.08824968582191953,0.09436286809616175
176,0.09546793434275988,0.08861655057319745,0.09330457780568567
177,0.09232310091698111,0.0901427939366639,0.09315491833530208
178,0.08929367464252032,0.0896496874178838,0.09179507423447938
179,0.08474983526060262,0.09038663958034601,0.09002770402772503
180,0.07777959266504345,0.09013599870629038,0.08777596193479807
181,0.07062874840865385,0.08920223185669895,0.08540172132484193
182,0.058683495021126075,0.08911190367451544,0.07886763337908688
183,0.03692809112811557,0.09152531262998997,0.07572481633059948
184,0.013317298014967283,0.08649480776822427,0.07675396141011649
185,0.002305243488532782,0.082007043874884,0.07069876395912157
186,0.07564534293885833,0.024871515694383013,0.04672200729969212
187,0.07897637582040284,0.02651073207968697,0.046940562478777384
188,0.08263952460989989,0.02583249993885015,0.04837550198942535
189,0.08595838569755872,0.026806609096051013,0.050640186397808894
190,0.08925714784031838,0.026551740851621847,0.053377711958259334
191,0.09188603233449791,0.028643198163881084,0.05668244019792527
192,0.094280593332252,0.029966061617123466,0.059995893964897386
193,0.09590071792927662,0.03372055085451425,0.06375324420725001
194,0.09719573195521036,0.03673444250735547,0.06711960159609362
195,0.09780580649189306,0.041862416144255746,0.07084120433455918
196,0.09809537471881014,0.04604183577746024,0.07380259064337959
197,0.09793213794434309,0.05179602173640445,0.07710287450587223
198,0.09750873051363491,0.05632280446624903,0.07933194135534621
199,0.09689800918163212,0.06185037228363664,0.08201911330883832
200,0.09609896956124359,0.06593656247517105,0.08338450744516253
201,0.09524942246446227,0.07061222451161603,0.08546688265395164
202,0.09430138888017289,0.07373684022467267,0.08601284690130473
203,0.09316517770495733,0.07735605148075755,0.08756487622787283
204,0.09208470826148132,0.07932839672290312,0.08745332728374716
205,0.09041053584042028,0.08203706626988466,0.08842124451766949
206,0.08886991848018047,0.08297166751328723,0.08788491267686585
207,0.0864378364690879,0.0849272120515335,0.08803942207366358
208,0.08353790993095922,0.08529280923790017,0.08713942553023334
209,0.08009921781114474,0.0863724953660325,0.08648891815128651
210,0.07468806289245009,0.08669811001100006,0.08448601463604045
211,0.06828012774910064,0.08740145937936072,0.08356487594130217
212,0.06002267487300528,0.08676333634358291,0.08003851497167282
213,0.04640065730103066,0.08936594720646901,0.07628041156121708
214,0.025188988890713526,0.09064459325927454,0.07575199899977637
215,0.008227680700605755,0.08729198953096395,0.07825141001477999
216,0.0006106222126913696,0.08702928300995594,0.07030864456522758
217,0.07905729656970929,0.026074713209722884,0.046520127770292866
218,0.08234490403620526,0.024622586261908747,0.04652221303768531
219,0.08519574586977122,0.02456362413959593,0.04771845334760098
220,0.08812871901940858,0.023174383033186318,0.04962940434589061
221,0.09030194974297209,0.02399377375347194,0.052308079274682305
222,0.09233412826333856,0.024104828419549487,0.05508981719425824
223,0.09347552001916162,0.02667653360447004,0.058466239362326804
224,0.09437162341564602,0.02871004975578252,0.06147559886490783
225,0.09444828405454245,0.03301393364271141,0.06498951128130759
226,0.09429462869094853,0.036639123537055715,0.06771752251227664
227,0.09355016930662965,0.04206096653681976,0.0709338305447568
228,0.09268003110222495,0.04649718338213743,0.07301463411032043
229,0.09149398082397585,0.052165420386059605,0.07568821541735732
230,0.090320315766135,0.05651789718238928,0.07697763282412441
231,0.0889935571779661,0.061666932745034694,0.07907411177782761
232,0.08780096649390769,0.06524588300285765,0.0796488239045098
233,0.08640259899336883,0.06947234877265468,0.08122856709718965
234,0.08519493938111139,0.07197712540556214,0.08129158365916217
235,0.08359904715522336,0.07523137337086216,0.08235644545816463
236,0.08202316225151231,0.0767716157992184,0.08209093761358718
237,0.0800338873460708,0.07913527631343377,0.08260305336127369
238,0.07743594379643229,0.08009581726336953,0.08194265560217051
239,0.0745642525446384,0.08173580033737464,0.0820276756294016
240,0.07036548440833429,0.0823037317196254,0.0806119173415633
241,0.06514816564933612,0.08390513717740788,0.08017706328886053
242,0.05827389563766566,0.08398172697234524,0.07845817213850219
243,0.049607298412754186,0.08568725320255949,0.07634902055707883
244,0.0342876900490956,0.0882935013490429,0.07411197796036641
245,0.01689675130410817,0.09005511352772733,0.07695015901103604
246,0.0038322716955651037,0.08740430360248308,0.07823272826011442
247,0.0005789618938184526,0.09265068416405586,0.0706803209525886
248,0.08181094355001968,0.025408877742651412,0.045800436153073415
249,0.0842894873621993,0.02420014112486968,0.04566421946732158
250,0.08692969710647323,0.021601368670995314,0.046567867574993746
251,0.08869878188416197,0.021083957799602634,0.04850038119960115
252,0.09043128103503437,0.019883643901987408,0.05068665587256875
253,0.09114597487184006,0.021144394715213198,0.05364052221025762
254,0.09170878046251303,0.022016245680401524,0.056281933548413855
255,0.09129940606429365,0.02529379118911712,0.05957058321034244
256,0.09074957419035037,0.028126995971607477,0.062069633241135846
257,0.08944792353515844,0.03298186309868835,0.0651780774140812
258,0.08813293222215815,0.037092681082508266,0.06711007026794857
259,0.08636524120433504,0.04268307442708795,0.06972215574383595
260,0.0847593366038254,0.047128781313811374,0.07091199399943202
261,0.08293011261837839,0.052573520423620415,0.07295046919088896
262,0.08138602334681388,0.056525514694009016,0.07348638560172521
263,0.07968680426194859,0.06122339363460726,0.07502629128351128
264,0.07824443279860387,0.06424524520205967,0.07513313095773888
265,0.07662872581460312,0.06796921662511421,0.07625889924056395
266,0.07498949550994832,0.07006675198266646,0.07610003917436833
267,0.07322610267610527,0.07286286363079045,0.07687875672404659
268,0.0709147525992408,0.07428336138024486,0.07641284242180138
269,0.06846994609696751,0.07643400000367227,0.07690714278593701
270,0.06499777727646586,0.07734926024546226,0.07605390628903096
271,0.06099775971639157,0.07930460783087886,0.07604680075912058
272,0.055144882042785226,0.08014451420567703,0.07504972454272467
273,0.04885002702507796,0.08181907930908344,0.07457835059545255
274,0.03839197356232643,0.08374918576032359,0.07259080264416791
275,0.024662347516857253,0.08752364845018512,0.07377313519083196
276,0.009525819316346884,0.08821931039644049,0.07694637938512862
277,0.0019150031434230774,0.0885046017398291,0.07879041558485646
278,-0.0005828372595351183,0.09712419286764185,0.06978894110297153
279,0.0830470612650392,0.026026938049944933,0.044591569940760335
280,0.08550754900199896,0.022047393752213873,0.04427261611841732
281,0.08694896374945371,0.02006971500737051,0.04529626139114963
282,0.088453407845668,0.017440153419083063,0.04678707583612904
283,0.08879881321610292,0.017261780597354184,0.049248283409338414
284,0.08909451695381404,0.016810093361955526,0.051494719908228355
285,0.08825385192337612,0.018874662590180585,0.054536081381084345
286,0.08736147666579942,0.02070121423986527,0.056813468691734426
287,0.08554228385899289,0.02476022257906456,0.059807395472419
288,0.08379910107620274,0.028321488212833104,0.06160285373132586
289,0.08146005020984932,0.03360591940729517,0.06413908854101011
290,0.07938698537870875,0.03796412935471688,0.06521717839868024
291,0.07703347194312613,0.04351317920119449,0.06716381258135277
292,0.07506528517808643,0.04772648089100044,0.06759956534968134
293,0.07300959298072138,0.052761000115818184,0.06905147553641446
294,0.07126351158880516,0.056236276550044664,0.06909229787466346
295,0.06952414498105004,0.06036543729594651,0.07021417447914066
296,0.06778054358139932,0.06295971565650062,0.07005347880265544
297,0.06611199448944946,0.06616733615716211,0.07097060107932118
298,0.06398124543299166,0.06801660590863781,0.07064251179731647
299,0.06190207307826673,0.07056080306004459,0.07137731258598598
300,0.05888372194325364,0.07189369879173557,0.07089255799828224
301,0.055808531688852414,0.0740732424527934,0.07132864042861509
302,0.050961645140832346,0.07535744696648017,0.07068548762516537
303,0.04601775511001266,0.0774075107417585,0.07111119808944448
304,0.03841338531859578,0.07892732283108378,0.07009898359873963
305,0.028842865134734386,0.08247152836267796,0.07069518220146111
306,0.015402056152757027,0.08528524162133344,0.07271416687568406
307,0.005109915836297829,0.08704805395976145,0.07769667772255663
308,-0.0006212510637713109,0.08877180049629807,0.07779413291147276
309,-6.414310386237965e-05,0.10216932133120005,0.06996090725946492
310,0.08366121175654993,0.024829139844458725,0.04281025366339945
311,0.08489002579385171,0.0211806227134452,0.04273903777531639
312,0.08626043266699207,0.016956032658332156,0.043406704296912596
313,0.0863081679530166,0.015185938911804229,0.0452770379395809
314,0.08640989122829403,0.01324860804158072,0.04707899567225059
315,0.08520015944259132,0.013918610922893343,0.04983853409275721
316,0.08402696770928124,0.014538187995290323,0.051894650704081585
317,0.0817405412004116,0.01757980468039317,0.054776004160839824
318,0.07960168011365505,0.02037509692509508,0.056454720846212544
319,0.07671248588731357,0.02512553084972545,0.05892709953324009
320,0.0741600861792065,0.029208064828974256,0.05989769257023977
321,0.071263937138382,0.034666683352612186,0.06174953172634841
322,0.06882468846294726,0.0390064540187996,0.06204493631356393
323,0.06635562653712379,0.0442398809837787,0.06337546946125082
324,0.06425213024181839,0.04807889635160462,0.06326775666617736
325,0.06230295690892187,0.05253425473079066,0.06431283769802922
326,0.060397821929794475,0.055567501161307487,0.06406096529625188
327,0.05873945275482052,0.059129414973306565,0.06500203289595373
328,0.05668254430241735,0.06139702847378092,0.06471951138749206
329,0.054887247885996734,0.0642497988771172,0.0655945776247282
330,0.052192168634931105,0.06598625836224724,0.06530634120315947
331,0.04976162188202776,0.06839025767694401,0.06608614489057202
332,0.045764019118827354,0.0699559524394667,0.06572768867402186
333,0.041880813687405705,0.07230194505389165,0.06657796713767765
334,0.03589286026964911,0.07390005431127533,0.06631134516560168
335,0.029308042529381906,0.07688740839413222,0.067221446018934
336,0.018925430162081702,0.07993733696655536,0.06824308349677284
337,0.008970739472373146,0.08341372880924791,0.07281573937638487
338,0.0004906281704941673,0.08486620418859592,0.07686194045530138
339,-0.001080057900664677,0.08990785296005566,0.07763825754378641
340,-0.001070062740694655,0.10596370066939664,0.06885003159734816
341,0.08231764861115157,0.024727572314631727,0.04085175779695537
342,0.08368129279670711,0.018672037194233417,0.04055858948029381
343,0.08352593079276603,0.015112257096967022,0.041720664209488924
344,0.08352172151338699,0.011506678777213748,0.04300754394908959
345,0.08201580167677952,0.010592050055900637,0.04543411337788809
346,0.0806349689013638,0.009806456660762339,0.047256165879641286
347,0.07794095883424326,0.011612592486198586,0.05002641862804411
348,0.07545554156322944,0.013427948622461591,0.05161045165757649
349,0.0720467570412735,0.017418812112514837,0.05404860507839543
350,0.06902334017939836,0.02103115540369408,0.0549334081089231
351,0.06557195049760703,0.026204599031124272,0.05671349323603788
352,0.06263226447978665,0.030522223551312844,0.056854782280094295
353,0.05969900162573591,0.0358122805638105,0.05804934316891688
354,0.057190996809117836,0.03991265914161844,0.057735640865017236
355,0.05496336998056122,0.04459910182827307,0.05864083247190688
356,0.05283666175330727,0.048010108698024884,0.05821549688730622
357,0.05112230729255485,0.05185303839343147,0.059085793462937915
358,0.04905549589458398,0.05451442873714961,0.05874518755685055
359,0.04745506861556857,0.05761681656963209,0.059669122828274704
360,0.044993908942741634,0.059719231329708966,0.05945530974366787
361,0.04302989775771299,0.06233003055095626,0.06043968485048292
362,0.039662273116054664,0.06415393273781442,0.06030704227750292
363,0.036673826194683345,0.06665053435973095,0.06140021140758976
364,0.03177198409504772,0.06847985813284047,0.061531161100970795
365,0.027058652532106653,0.07120488309055156,0.06289137820921177
366,0.019337960918985264,0.07388420955312464,0.06368007470867927
367,0.011401062778833349,0.07774566078024592,0.06719915275425171
368,0.002356811624052546,0.0803318786097994,0.07158904974047632
369,-0.0016585901166361605,0.08340611043674939,0.07674018603586054
370,-0.002793747428005533,0.09011308084108038,0.07602237412389691
371,-0.00033689373411438517,0.11025059072034815,0.0689013595942869
372,0.08051013958501702,0.02289078477691668,0.03823073754140856
373,0.08027558772808381,0.017284032811086626,0.03856425258500043
374,0.08027536507562677,0.011790670106489369,0.03925321237010792
375,0.07856130494086633,0.009079569679551279,0.04128043601449717
376,0.0770616366224729,0.006679795893539044,0.04284052672758981
377,0.07403053789271273,0.007028073374572001,0.04549354783210008
378,0.07126576195260251,0.00764470859545105,0.0470022427195552
379,0.06737832008205526,0.010649700065669308,0.049445120442658176
380,0.06391143809403171,0.013589900448555514,0.05028098485579139
381,0.05990010132657195,0.018282757107449782,0.05203493197221992
382,0.05644381285059272,0.02242153766049751,0.05203502587891611
383,0.05300267176921546,0.02762298144133738,0.05310260891756118
384,0.05004750954905907,0.03187651889637202,0.052549060761956305
385,0.047484253032976376,0.03668968382980473,0.05327019402198104
386,0.04508042529404498,0.04041012230940403,0.05259792857568869
387,0.04325383988842131,0.0444538334673496,0.05331828060516111
388,0.04111159633505439,0.047468277620084334,0.05282070600819391
389,0.03963094036222217,0.05076391976085745,0.053700259604133965
390,0.03732234002170351,0.05319743475806318,0.0534619510975425
391,0.035715829342647304,0.055969555673918786,0.05452672267693872
392,0.03279507882561131,0.05805786283441092,0.054526933689629124
393,0.03052674979922973,0.060628809302487846,0.05577677476530699
394,0.026458984285766096,0.06267388921770278,0.05610915596897182
395,0.02298520631507489,0.06533102717122258,0.057747472863821654
396,0.01711203701471109,0.06775861773485858,0.058656202392401054
397,0.011370259617226264,0.07128883427749289,0.06154640760408948
398,0.0034048832405182416,0.07439400315035494,0.06510094962304254
399,-0.0016473715514550014,0.07766711946461935,0.0711565423514068
400,-0.004738942731851381,0.0810784750952891,0.07504846056294591
401,-0.002612117731629837,0.0909598335447761,0.07534361053444606
402,-0.0012669864567367295,0.11331249257225351,0.06772416880563005
403,0.07635145543298542,0.02199116568108635,0.03576560160852514
404,0.0764907706102927,0.014344248459498755,0.03577652221019383
405,0.07467557749173136,0.009593345335518113,0.03732989377099367
406,0.0731650607637678,0.005348860405828684,0.03858777788195329
407,0.06988102335050411,0.004003763653207461,0.04110599542933177
408,0.06692448539786791,0.003189779163305047,0.04255213930000855
409,0.06261230529523432,0.004975150004615327,0.045040781812741695
410,0.05874974313617119,0.007029380814722999,0.04587564795117298
411,0.054183819968390376,0.011041745296329133,0.04766846998577817
412,0.05020707728771082,0.014837742667437363,0.04756552626550331
413,0.046220308556610655,0.0198040372514452,0.04854189508000805
414,0.04277904098595345,0.024100540970485907,0.047738675509013145
415,0.03982897601145158,0.02893409450129516,0.0482546670436476
416,0.03709756023865021,0.032890808522819864,0.04727523690490747
417,0.035111007230645266,0.03705170176647293,0.047780613668771114
418,0.03283902361669781,0.04036826583612797,0.047036680740139954
419,0.03142281516540471,0.043793624561437844,0.04778237616548065
420,0.02919393542170652,0.046523878920270864,0.04742695074128054
421,0.02787052475723298,0.04940146745487192,0.04846826349487319
422,0.025265887166880607,0.05174625386229559,0.04850019382793282
423,0.0235626422873986,0.05435517468719084,0.04982450661445397
424,0.020144958546034986,0.0565852773506203,0.050262883370294935
425,0.017590685622089597,0.05921254419342431,0.05201497937629288
426,0.012951575847990004,0.06159315189508907,0.05306433093867175
427,0.008944665340279878,0.06471465618988609,0.05570225633748189
428,0.002571807487870559,0.06776316433337726,0.058504583499164105
429,-0.002105467882338008,0.07125038710147935,0.0639303565632013
430,-0.006405245852703523,0.0740942181322799,0.06924770698074324
431,-0.005707573412289668,0.07930640198045136,0.0740419439762794
432,-0.003930501822700827,0.09086738656947813,0.07336493512577104
433,-0.0005001191603242194,0.11672120831576671,0.06765050140667107
434,0.07196357278359913,0.01944427165036005,0.03251103869915935
435,0.07017449244872488,0.012375436593990822,0.03352009180118712
436,0.06878153740380805,0.00602854421631582,0.034430294918793854
437,0.0653447584703826,0.0027344366965176142,0.036784552575514724
438,0.062306804334054174,0.00023741308496217153,0.03817243223236235
439,0.057640013700946055,0.0005538400001245149,0.04074397320635531
440,0.05345295933773792,0.001489149011441076,0.04163234418398409
441,0.04835073256056191,0.004609813926680816,0.04354493969777166
442,0.043864031327595414,0.00788800015737804,0.04340060228387458
443,0.039298804092100105,0.012470558664768143,0.04435019130732637
444,0.03533566477178888,0.01669954117099634,0.04331299954272018
445,0.031949262685812246,0.021450632818710003,0.043628593150346756
446,0.02884226405826477,0.025570909000712398,0.04229823922534583
447,0.026655131634378024,0.029765685695459076,0.04253907303963466
448,0.02420637375655804,0.03332900538480149,0.041469585222793426
449,0.022817192813326254,0.03681381622401006,0.042000676971256576
450,0.020607718992014426,0.039801493137279806,0.04143910032434517
451,0.019515077014504306,0.042725391532825036,0.04236524502065291
452,0.017132747755239486,0.045302762478172054,0.04233505437456047
453,0.01588093607742269,0.04791675534412454,0.04364501187715684
454,0.012957234001622964,0.05031478013548896,0.04412151386047292
455,0.011132162465934126,0.05289228482512437,0.045884883820086576
456,0.007360687334506233,0.05532893359524027,0.04700296778404559
457,0.0046025100820821785,0.058161759238693544,0.04951935086365259
458,-0.000342486856807378,0.061010841035242125,0.051889921958874076
459,-0.0039744239396389824,0.06434683329330071,0.0564386483575371
460,-0.008403407760325998,0.0672468492200623,0.06149833897395369
461,-0.008910683979010514,0.07083869099593798,0.06789330355303176
462,-0.007957371117992773,0.07678079100767943,0.0716465754257939
463,-0.0035353429720755836,0.09112703115406007,0.07224913968356296
464,-0.0013309638314813466,0.11901728426647895,0.06649741122906407
465,0.06485435968096018,0.017691130448287323,0.029763613723724696
466,0.06372505996903435,0.00895883391670715,0.030286061341679302
467,0.0602521611960347,0.0034375837707179002,0.03243888276598236
468,0.05726672651510532,-0.0010194180878460059,0.03376456695981443
469,0.05233439561580942,-0.002444068827641508,0.03644724370074859
470,0.047921905206182065,-0.002888229088406226,0.03744576909497672
471,0.04231841165876576,-0.0008911024501034905,0.03957072831760726
472,0.037351356202920086,0.0016749969054200252,0.039468448949636366
473,0.032180161477523644,0.005718634246331225,0.04048584099736723
474,0.027662861499224433,0.009768169820039755,0.039258142994100985
475,0.023788470443797734,0.01434063202313633,0.03940706510997824
476,0.020256748825110145,0.018557876815315608,0.03770069297421762
477,0.017832650873646983,0.022708467797881767,0.03764492928886829
478,0.0151646001679719,0.026464383975197223,0.03618098954801806
479,0.013780056573473878,0.029935533135028267,0.03642744284476973
480,0.011542501464553281,0.033135873130503854,0.03557634541054452
481,0.010648474337793007,0.03604377689552321,0.03630292871409566
482,0.008418687230867306,0.038819343420971875,0.03612628095727619
483,0.0075442808232883685,0.04139746401689651,0.037333620544098826
484,0.004990050140636942,0.04394642075083485,0.037782277788143685
485,0.003759129289596541,0.04644676629493849,0.039484456054796425
486,0.000632505554351126,0.048965250523716475,0.040607847914446
487,-0.0012136759643565087,0.05160452250522829,0.04300321074320391
488,-0.005072318978743773,0.05431936157289513,0.045143350515076265
489,-0.0075882985442411455,0.05734786519400503,0.049001077465164945
490,-0.011476291516315129,0.060242871990826785,0.05332710597701324
491,-0.012452470264780358,0.06332710637531469,0.05959214304627914
492,-0.01252312044613657,0.06693047518416917,0.06517512059767318
493,-0.008426829455657203,0.07452909785235706,0.0698069096381543
494,-0.004619128328379407,0.09050287939907387,0.07005045022529167
495,-0.0006537287409742465,0.12145778596613277,0.06626549080533585
496,0.057791360415078354,0.014397640111704245,0.02605251823601416
497,0.054412521428955654,0.006353021261747803,0.02796414652719427
498,0.051634543533323,-0.0003632449366352125,0.0292178698928431
499,0.04654559438962354,-0.003827760150535729,0.03202651833398849
500,0.04203888719956546,-0.00594684835121044,0.03318961554676961
501,0.035990374070824074,-0.005336467878780796,0.03562564194095562
502,0.030599132213594858,-0.003707962612047212,0.03566878628627362
503,0.024802136819113946,-0.00037404477914425825,0.03688011306822691
504,0.01970406562026949,0.0033774907101014762,0.03553639085244804
505,0.015284490707380305,0.007682330623722866,0.03558602958285563
506,0.011273881013284595,0.011940843876461868,0.03349946699488255
507,0.008576453040750713,0.015980042265850737,0.03313481468575579
508,0.005647841490929291,0.019882028469792166,0.03121762816488018
509,0.004258484745442187,0.02326814474945496,0.031120468312837216
510,0.001956212716109726,0.02663442558023134,0.029903919782894497
511,0.0012491640180557761,0.029460756372777314,0.030352803902157697
512,-0.0008797467233031542,0.032393202352527184,0.02995420106538429
513,-0.0014188802589269467,0.03488684081666399,0.03097483334924681
514,-0.0036959334277495703,0.03755998544835695,0.03133117511523579
515,-0.004430333865999225,0.03995558739659999,0.03290504115286461
516,-0.0070632741666902255,0.042546781601250305,0.033988138288165666
517,-0.008208164879968394,0.045031537949326295,0.03622736428878689
518,-0.011271426512927507,0.0476911124931208,0.03821790798251839
519,-0.012848171650219675,0.050431103746268025,0.04158046706584979
520,-0.015990985628188237,0.053231058795799036,0.04523623424512344
521,-0.01684128105217575,0.05606154946572561,0.050731083411610124
522,-0.01754608261099122,0.05885735660958602,0.056468423777989836
523,-0.0142976570350134,0.06314116549697324,0.06277242060222456
524,-0.010236905506695204,0.07161830446538386,0.06682346054822376
525,-0.004259764064793892,0.08991304467841754,0.06851099266503703
526,-0.0013390644932600448,0.12293743742931507,0.06517933960020518
527,0.047619646641255474,0.011735039761096078,0.023239697839328905
528,0.04521701537979992,0.0024488704960228137,0.02440999988621796
529,0.040097864655417204,-0.0033788085792971663,0.02734141439655403
530,0.035662354046342506,-0.007506242356348055,0.028716428275934052
531,0.02925034242722826,-0.008587453114050654,0.03155998165752214
532,0.02352757051661776,-0.0081682186615651,0.03186875403866833
533,0.017097184308079397,-0.005744316922185277,0.03343237302621241
534,0.011402831458891411,-0.0024266914445414452,0.03208264316204512
535,0.006372445003291635,0.0015255646883268886,0.03214123942685057
536,0.0018199437303481718,0.0057835328329233805,0.029694858357354127
537,-0.0011926246584880798,0.00966081172317499,0.029032002662427083
538,-0.0044262909747145585,0.01367756043078247,0.026612051764625982
539,-0.005818441255300386,0.016913930128922214,0.026122949820737224
540,-0.008213865771891635,0.02040298661559263,0.02447272389087542
541,-0.008724395569325652,0.02308026210543447,0.024571970628749506
542,-0.010788654992108765,0.026124171209910813,0.023885123639347573
543,-0.01100772830643193,0.02847935899867171,0.024639302341745845
544,-0.013072207154640997,0.031238921355113997,0.024844977951665573
545,-0.013374720425862019,0.03349892153189499,0.026221453900398237
546,-0.015622430172983093,0.03613654020957063,0.02722697426238695
547,-0.0162014603605124,0.038472477225551915,0.02926911741775171
548,-0.018670249930710037,0.04110974960377928,0.031134002790124255
549,-0.01951299931970768,0.04362547352755036,0.034112914687474856
550,-0.021959814019916313,0.046320668306939816,0.03727639316080766
551,-0.022406579511110802,0.048937318344557834,0.041943401698759826
552,-0.023290010691974006,0.05147329207197182,0.047120471856777014
553,-0.020804153983235762,0.05434466686451578,0.05352500954380219
554,-0.017291643983300187,0.05887491719574056,0.05922223495817031
555,-0.01064663330244675,0.06867466469029526,0.06416945212371024
556,-0.005177453069288962,0.08849784181414622,0.06612661689380607
557,-0.0008296202780235795,0.12433406804986147,0.06476046783713664
558,0.03780185647388774,0.0076798487871074066,0.019211236198181585
559,0.032789542097880923,-0.0008482433150711257,0.022239160993267903
560,0.028621713190264166,-0.007350194624483775,0.023860540975104576
561,0.021954971504081502,-0.010476461160600121,0.02719262675891125
562,0.016041339570802764,-0.011600463728842636,0.027898040086322844
563,0.008989023080131567,-0.010335307707051114,0.030002345442706725
564,0.002704322093455785,-0.00762307918763468,0.028797593440401063
565,-0.0030127733138969846,-0.004112801661105964,0.029024741265642105
566,-0.008182170415556047,0.00011661956478188282,0.026269950389427258
567,-0.011564389285084041,0.003803963411038218,0.025348347088961554
568,-0.015157026363495488,0.00792842598058148,0.022383978223103448
569,-0.016539740521165774,0.010962548875944916,0.0214643407900906
570,-0.019051391013298072,0.014541482473495751,0.019318512806379213
571,-0.019333089034792528,0.017002671654373025,0.019001793795095537
572,-0.021355288372740616,0.020112063362557248,0.017970799180550143
573,-0.021244079010470318,0.02227145610852943,0.018382428683238427
574,-0.02313767694819796,0.025071029768560626,0.018389165563426155
575,-0.023043651629358286,0.02716016314242997,0.01949737592212603
576,-0.024981778848715275,0.029805224017006193,0.020392603194725138
577,-0.02508586585329803,0.031983091601927305,0.022192968764223987
578,-0.02709139598210436,0.03458896874903833,0.023936246017191774
579,-0.027362044326315615,0.036927683573540815,0.026578108066216095
580,-0.029233427517556754,0.03953394609739269,0.02939169902136059
581,-0.02922557599344955,0.04196921206712856,0.03336046496899666
582,-0.029995824652045644,0.04440028428352549,0.03783975171397378
583,-0.02797192708505991,0.046726309911021,0.0436230004708412
584,-0.025206282020703186,0.04949878184409073,0.04952770046067279
585,-0.018923659188954556,0.05452995515669512,0.05572975643997991
586,-0.012271537737380545,0.06511078681938054,0.06059654923887448
587,-0.005006865762777757,0.08680699919789436,0.06413513863002814
588,-0.0013532800434437053,0.12490215670798777,0.0637301815752377
589,0.024398378145172355,0.004039995620469899,0.01656494991573111
590,0.02071366902334692,-0.005216985442904042,0.01844754608324543
591,0.013925699208441406,-0.010790028260620216,0.022313429203789845
592,0.008020731166145574,-0.013867178931843586,0.023545798246901423
593,0.0003855618734623749,-0.014081455259473127,0.02639984449185056
594,-0.006444618913706784,-0.012209887440863338,0.02553668316420579
595,-0.012934349488993064,-0.009252169050010079,0.02615711005535086
596,-0.018808674391792707,-0.005071269963106334,0.02318754620233939
597,-0.02263781738669418,-0.0015737526978489291,0.022086344198216184
598,-0.026661581933285952,0.002686802473887709,0.018542363895384145
599,-0.028013992425238804,0.005485369344561314,0.017162119695983646
600,-0.030662699292180504,0.009139480653627227,0.014461658417437061
601,-0.030656861597088678,0.011320608024914011,0.013666573090429722
602,-0.03264747329895584,0.014453294836823616,0.012247141098322466
603,-0.032169260358726276,0.016358191518307447,0.012242899712306897
604,-0.03391382801605722,0.01914572413015045,0.012015861999297573
605,-0.03343276318064148,0.02102584285883391,0.012784722438009892
606,-0.03510881006715244,0.02362846658862422,0.013543426296503043
607,-0.03479875558961576,0.0256323868292353,0.01505233648250723
608,-0.03642483102213462,0.028170705592948264,0.016671509319687364
609,-0.03623888480846166,0.03035370541171095,0.018986076257265953
610,-0.03764266828450563,0.03286841567327187,0.0215384722184607
611,-0.037228991854170945,0.035162255833009914,0.024945162823343945
612,-0.037758015806349854,0.037520448735170686,0.028817716688397835
613,-0.03593228963168915,0.0396502333344797,0.03380150588939796
614,-0.033767903744609806,0.041759275147962405,0.039232206203144056
615,-0.028296633066259735,0.04454661315003494,0.04542917815377446
616,-0.021725476562224788,0.04977785786129596,0.05128165108517047
617,-0.012931251365810414,0.061253843389709406,0.05708842149607408
618,-0.0058418654366194644,0.08427647177392661,0.06148262025024321
619,-0.0010315312585100767,0.1251733759516902,0.06311514702100353
620,0.011702545410096455,-0.0007939571930439555,0.01231414725145903
621,0.004941677815804623,-0.009250446113094599,0.01669509608815437
622,-0.0006911596654694515,-0.014770551230814714,0.01856438758457624
623,-0.008833840174792202,-0.01688272174976823,0.022374114229914324
624,-0.016098648322161964,-0.016191438634930853,0.022094641008535615
625,-0.023452862865468615,-0.013948004008434049,0.023412966452630787
626,-0.030128615875176477,-0.009844561505574174,0.020382372503448345
627,-0.03451892021738157,-0.006504499480958957,0.019240414896647635
628,-0.03907718202280834,-0.0020296960394966673,0.015088149335335829
629,-0.040372774338207684,0.0005292349504955607,0.013224750270052115
630,-0.043180993974727216,0.004272033167141226,0.009907189719109937
631,-0.04279543502784117,0.006114504404644838,0.008572028868987338
632,-0.04475380090699796,0.00923677707938994,0.006732640969910325
633,-0.0438421153274752,0.010829695123591804,0.00624054548110422
634,-0.04544077470297336,0.013549908857949933,0.005761783105991667
635,-0.044558604338722774,0.015183076009481822,0.0061215789742102575
636,-0.04599490207420509,0.017684495103494347,0.006727818300871561
637,-0.045308629500597775,0.019495999140101805,0.00789220213723438
638,-0.04660490239567994,0.021914388773738414,0.009383232000998333
639,-0.04604466271729779,0.02394500353335627,0.011359624978916212
640,-0.04705485715834867,0.026337919799548137,0.013701394148156952
641,-0.04630822078676988,0.028518417668438878,0.01663955229258184
642,-0.04655886598353387,0.030792973225687525,0.020038793519018442
643,-0.044776358106737635,0.03286110533350184,0.02428425102281179
644,-0.042976345525137405,0.03475868093925627,0.029050576818992497
645,-0.03832608195785192,0.03668806605535946,0.034673240475534974
646,-0.03250712769574804,0.039343472159700354,0.04042457128213909
647,-0.02368833655116065,0.044840873255563185,0.04666228935224887
648,-0.014639914114022323,0.056717333267820136,0.05276918114019669
649,-0.005955581295904455,0.08119042646022345,0.05896564746839434
650,-0.0014469335839804032,0.12466560564227702,0.062064540817009635
651,-0.005261233392112251,-0.005500883031420637,0.010121609718104515
652,-0.010305132767171833,-0.014014531119881853,0.012688541758706387
653,-0.018839079555912137,-0.01856236544862192,0.017608470796958136
654,-0.02632418453828375,-0.019548120563237466,0.018187740942475907
655,-0.034630137148488074,-0.018282165653210072,0.020596639237629985
656,-0.04219486104426223,-0.014332995654255942,0.017744674361615517
657,-0.04731698536029678,-0.011087392058613886,0.016795487157899025
658,-0.05256343729579327,-0.006252198466626391,0.012017496048013191
659,-0.053776992354359524,-0.003891468071548207,0.009656681863286653
660,-0.056774685096830826,-3.878773711926686e-06,0.005644925684558378
661,-0.0558706706913563,0.001448258518754006,0.0037027983030313645
662,-0.05778487005285757,0.00453920308866293,0.0014264562839358468
663,-0.05633781715214167,0.005767543561530281,0.00037326164380332294
664,-0.05777380010916969,0.008362892820347995,-0.0003543000713655681
665,-0.05645409938918047,0.009715887290589947,-0.0004701048992914806
666,-0.05764916500493872,0.01205027206864645,-1.8335383450383828e-05
667,-0.05660636232557148,0.013651732064299482,0.0007492334914329034
668,-0.057595448819369954,0.015888509823577257,0.0021099225748339727
669,-0.056721191738675625,0.017760332589894734,0.0037260769389533548
670,-0.057380917926113495,0.019981564775656213,0.005884789586199286
671,-0.05636967501016704,0.0220570479419398,0.008406017397819642
672,-0.05633694691668889,0.024211624098171014,0.01144072410023986
673,-0.05453043222915266,0.026264112151580754,0.015068255271487767
674,-0.05289142779349687,0.028093229319228197,0.019209951670544182
675,-0.048889489642574224,0.029808410533713525,0.02411086822840242
676,-0.04393802719467632,0.03143680788895664,0.02931791182620611
677,-0.03598000610556262,0.034100538747672715,0.0351535696403636
678,-0.02675742346367549,0.03946134916902755,0.04114987677876084
679,-0.01582783281585498,0.05172064743950844,0.048274413642462495
680,-0.006891111521021731,0.07710416184121849,0.055816182279533395
681,-0.0012699627785324186,0.12368002423964719,0.06125119992268913
682,-0.02110278450629316,-0.011160608975435256,0.005682593614864752
683,-0.02987815283249853,-0.018803537315386948,0.011732693887899453
684,-0.03722341071826259,-0.02217557733836697,0.01344194030482765
685,-0.04654466726914515,-0.02233029135016393,0.0174051732964631
686,-0.055032886954126045,-0.01874001552332463,0.015088968830060674
687,-0.061138321755522224,-0.015514226026814099,0.01471827808820098
688,-0.06730333269756739,-0.0100848334007251,0.009324516057901631
689,-0.06842731369214412,-0.007807153698671118,0.006467431065736534
690,-0.07166317801294231,-0.003651819415114499,0.0016498192080550494
691,-0.07003150577918003,-0.002634793116015624,-0.0009825893062678644
692,-0.0718758815673805,0.00041946519156604856,-0.0036943156488761443
693,-0.0697475630723787,0.0012413468175024034,-0.005387519763381692
694,-0.07097964110405475,0.0036501280797763824,-0.006335055897590655
695,-0.06916448575728765,0.0047010301851122815,-0.006987037348896844
696,-0.07009223819366578,0.00679625373032261,-0.00667509236787299
697,-0.0686980360164528,0.008174971733285463,-0.006349549700068771
698,-0.06937973681957293,0.010164264370202403,-0.005117004447839892
699,-0.0682364533456637,0.01186635313004697,-0.0038859916535845533
700,-0.06856604909343167,0.013858078527641648,-0.0018961764625562985
701,-0.06734812795484968,0.01581911573772732,0.0002302657012863141
702,-0.06703211029278733,0.01780167924795406,0.0029731137305813037
703,-0.06518432668064678,0.019838185072174386,0.00608557754005959
704,-0.06356020124949546,0.02160657947984823,0.009712228377739997
705,-0.0600212031754801,0.02335941450743939,0.013937281642313617
706,-0.05576982112612494,0.02467019766912182,0.018502585626256316
707,-0.048897347845774375,0.026288798351550957,0.023698268944288826
708,-0.04054412570821353,0.028571023143749708,0.02901415069299926
709,-0.02951447615443925,0.03394866379938044,0.035333923380387884
710,-0.018053828049926057,0.04587715361306133,0.0428580697799976
711,-0.007390072371356693,0.07219538282939353,0.05259157826532041
712,-0.0017284218317705768,0.12181924837536351,0.060021276442490896
713,-0.04230508640637934,-0.01706908868225434,0.004376985265372525
714,-0.048980934696746636,-0.02377316509069108,0.0074087088835075735
715,-0.05933195857882142,-0.02607983375350372,0.013380561835074306
716,-0.06863241119773705,-0.023330398983239235,0.01209992384225984
717,-0.0760787644379767,-0.020101353751687617,0.012930426540592862
718,-0.08349832593782205,-0.013748605482119917,0.006999374593455729
719,-0.08458003696869806,-0.011316208577896864,0.0036890172630927383
720,-0.088146724296135,-0.006656472696529983,-0.002116493600460252
721,-0.08546321634515557,-0.006114940059051346,-0.005562168069615959
722,-0.08719059536802316,-0.0030888583751927795,-0.008679302400689844
723,-0.08417928301269573,-0.0026942197445574134,-0.011103753618539563
724,-0.08513155745778872,-0.000544713961802612,-0.012209820714970713
725,-0.08274316238542118,0.00020324931302379,-0.013447503062877912
726,-0.08334943700069655,0.00197999607041191,-0.013242722542031545
727,-0.08159800142036322,0.0031333668201625198,-0.013388449133345694
728,-0.08195214891755553,0.00480963858857042,-0.012276597793437165
729,-0.08057324024797069,0.006329548879568325,-0.011448643291921587
730,-0.08057835750020648,0.008037118289548784,-0.009621681481926355
731,-0.07920145566140152,0.009860297622008518,-0.007883838084820712
732,-0.07860166031355231,0.011616763997247426,-0.005389852343064245
733,-0.07671923392195834,0.013605689514465058,-0.002727212667546636
734,-0.07501029234428591,0.01526748330395522,0.0004892352297805603
735,-0.07179328873576907,0.0171149247198068,0.004136740856311717
736,-0.06800320813797311,0.018366674958457008,0.008120428298939763
737,-0.06210485581936742,0.019787236037353995,0.012671666970457825
738,-0.05484000975888825,0.02086981484679773,0.017279777923403686
739,-0.04491860805940606,0.023236255236046444,0.022629547204032447
740,-0.03349505828745181,0.02790651794275978,0.02850132820089971
741,-0.020177657513618774,0.039540616437883314,0.03707880696280733
742,-0.008822108970791165,0.06590594091831137,0.04848180916338663
743,-0.0016156104733064947,0.11930045483881879,0.05896118514864097
744,-0.06193790733605359,-0.02366486696360546,-0.00034374827341574285
745,-0.07326828478734965,-0.029255465584857636,0.007871081699735568
746,-0.08295867476341748,-0.02835211015067436,0.008252621454338882
747,-0.0922251673288619,-0.02531090075064975,0.01123983666486506
748,-0.10134754417938305,-0.017660584896209638,0.005008166439654846
749,-0.10256923748061826,-0.014634254123289246,0.0014094233421457667
750,-0.10666378940825211,-0.009021657971831777,-0.005699671927403554
751,-0.10240481956960308,-0.008995922088609984,-0.010172122011111362
752,-0.10392574107079115,-0.00598954822546495,-0.013614078363361636
753,-0.099759156926938,-0.006002068902201438,-0.01688136240495836
754,-0.10030169074488754,-0.004210076741219815,-0.0180430287513433
755,-0.09724628112621594,-0.003730791514092474,-0.01989487735133782
756,-0.09744231940675527,-0.0023613497327189814,-0.01974695463841625
757,-0.0953212558275639,-0.0014195583488286756,-0.02036471199530693
758,-0.09530978819150332,-0.00011695929474203615,-0.01936229099738022
759,-0.09371943191822385,0.001209042472613553,-0.0189361546973543
760,-0.09339861525671034,0.002590847860231671,-0.01727233084082327
761,-0.09190010712657715,0.004240972998563186,-0.015918922257666546
762,-0.09102043353194511,0.005730854245731054,-0.013652483263797257
763,-0.08911806434347991,0.007615193925338382,-0.011407420315526358
764,-0.08726216866896086,0.009116232741622876,-0.008523269274914898
765,-0.08427483680390424,0.011015064858387213,-0.0053753827613387825
766,-0.08072444730460615,0.012250568778278459,-0.001862509795269224
767,-0.07560017046429834,0.013795926951535975,0.002119815365245415
768,-0.06924519252311512,0.014543627443718399,0.006120186175256754
769,-0.060666968596783,0.01590727777699097,0.010731012088195187
770,-0.05048002745832825,0.017504687977942246,0.015287409958063243
771,-0.03766609577603086,0.0220250400299844,0.021413862697989384
772,-0.023753084136303393,0.0321401142529405,0.02994974533879208
773,-0.009982210172956751,0.05847265958291592,0.04408750353054234
774,-0.002421180194867034,0.11556783540655324,0.05724095502853522
775,-0.0889014909126386,-0.031005845752134713,7.346810799022413e-05
776,-0.09802578573847169,-0.03378746887951671,0.002739243030592421
777,-0.10970400592332069,-0.031695781342219884,0.009185711177755003
778,-0.1209921923551207,-0.02256601918371679,0.0032165484258996732
779,-0.1228350259991691,-0.018204543626020035,-0.00016783900859321246
780,-0.12790329991443872,-0.010769213208544334,-0.00913405071994961
781,-0.12118319350392481,-0.011294772865620022,-0.015050596344547482
782,-0.12231232089961748,-0.008345917344444703,-0.018640499459578234
783,-0.1166323418967599,-0.008666441338831224,-0.022885680339273726
784,-0.1165481082778083,-0.007380198906073124,-0.023948440535001145
785,-0.11272358126098372,-0.007081994829995691,-0.02640181058584801
786,-0.11237744298786012,-0.006219521296833008,-0.02624527653333585
787,-0.10987371936270576,-0.005452753758170642,-0.02729026619643222
788,-0.10944268602735324,-0.0045738646837644725,-0.02638536289559711
789,-0.10765869592949762,-0.0034502277187431485,-0.026326511943903844
790,-0.10701025239256279,-0.0024144895433678704,-0.024833631703673257
791,-0.10541653322470185,-0.0009827267312623733,-0.023847109980614612
792,-0.10427419440051655,0.00022766023487919007,-0.02180473691900402
793,-0.1023636415597945,0.001927345850856521,-0.01996282371992775
794,-0.10033686976238343,0.0032361201269210937,-0.017362014153000416
795,-0.0975197830239729,0.005082998513921133,-0.014677157016653427
796,-0.09404475614652952,0.0062727948399355915,-0.01152866757297147
797,-0.08949999834014188,0.007971607685542947,-0.008054226674324818
798,-0.08375587901560211,0.008711297569024001,-0.004502716145711059
799,-0.07639602398127698,0.009996361944513699,-0.0004657547501634996
800,-0.06744920058271053,0.010461729861319435,0.0032791939070284663
801,-0.05630224655592175,0.012407724306633616,0.007996141550162901
802,-0.04355309129367857,0.01556724510960894,0.013034919165849633
803,-0.027706251101041746,0.02450890319878085,0.02233770637694262
804,-0.0128270169416278,0.048938619068576994,0.03803777216797564
805,-0.0023229241531255163,0.11086319903679298,0.05570343235052134
806,-0.11411491479665234,-0.038727175450106045,-0.005440455629975816
807,-0.12888303414439178,-0.039571801326984415,0.005739267413379864
808,-0.14240017995363408,-0.029705037869504135,0.0011692634420291707
809,-0.1459646003063844,-0.022940722365312086,-0.0006392359997035233
810,-0.15302687437882684,-0.011964040798115347,-0.01239758695222432
811,-0.14228189853609605,-0.013005606088201851,-0.02062411961237295
812,-0.14260320426409548,-0.010323937063788417,-0.024004668032183853
813,-0.13495667851956017,-0.010703373085370504,-0.02936200543403899
814,-0.13389171147041148,-0.010152910399689213,-0.03011310514062873
815,-0.12920025184845052,-0.009876160514313392,-0.03307470742965595
816,-0.12813064823203704,-0.009624123455664074,-0.032833941211990125
817,-0.1252377549390654,-0.008969979353178809,-0.03419383833216486
818,-0.12432166087347835,-0.00854379101288244,-0.03337639645936293
819,-0.12236036839293474,-0.0076248208580770305,-0.03360357577866926
820,-0.12138771400686094,-0.006928010173847754,-0.03229832588884841
821,-0.1197167912875019,-0.0057646844280412335,-0.03163231236916641
822,-0.11834915042964189,-0.004812388141737234,-0.02983008863170972
823,-0.11643210547316235,-0.0033959311033215367,-0.028371696965336885
824,-0.11425757920632229,-0.002266016728197151,-0.02603708935767166
825,-0.11155974028128424,-0.0006222353623852594,-0.023810037570557153
826,-0.10807533553878734,0.0005073299148170562,-0.020942491260447813
827,-0.10395179500881713,0.002225464667168664,-0.01797213468939045
828,-0.09853007468817365,0.0030340393878893757,-0.01471487979498383
829,-0.09214517763355867,0.004517738128025917,-0.011156319927856569
830,-0.0841299671964294,0.004774994224426954,-0.007853768650884165
831,-0.07458982530174352,0.006022095153613738,-0.0039400302035831345
832,-0.06351624600340822,0.0066438573538918355,-0.0004175645574348436
833,-0.05012225544793436,0.010025820644729233,0.004875288776195087
834,-0.03440686719771868,0.015760702668368154,0.012523094336204523
835,-0.015613235394106972,0.037822503576436795,0.03130598045546474
836,-0.004204351426752462,0.10406517410073879,0.0527235153924274
837,-0.15092564909556183,-0.04794233301328605,-0.001101101003534758
838,-0.16519945384778018,-0.040778477819752176,-0.002404723661887673
839,-0.17282804298931803,-0.030696411268608073,0.0006291801962376721
840,-0.1841108735165849,-0.012881064599555653,-0.015346863581248127
841,-0.16647280580180965,-0.014011887562257921,-0.027669095161792518
842,-0.16501852127438657,-0.012273288142367916,-0.03017175631081784
843,-0.15486884253728372,-0.012196768300192229,-0.036658717364562464
844,-0.15227370976891882,-0.012711032845289877,-0.03683464979304163
845,-0.14663969663683976,-0.012217376842701494,-0.04005737434842716
846,-0.14462392602588092,-0.0126515200901397,-0.03965383129986273
847,-0.14134878549611313,-0.012029036019340411,-0.04112304584373053
848,-0.13988313946369538,-0.01204102742720467,-0.040382985565444646
849,-0.13776593647597618,-0.011322779020943419,-0.040760329016465695
850,-0.1364830429102426,-0.010923387011706698,-0.03966379088226447
851,-0.13475363780259864,-0.01007270490037504,-0.03923506616308755
852,-0.13321666485329114,-0.00932817921551149,-0.03770811127975813
853,-0.13129162432515867,-0.008292228574503124,-0.036585636096143466
854,-0.12903744086986108,-0.007287104067832895,-0.03454432079077164
855,-0.12640163635754853,-0.006025010160062627,-0.03275728484621957
856,-0.12292771061932328,-0.00490305374127098,-0.030147786244167075
857,-0.1190582185156942,-0.003433170265670804,-0.027710825839366616
858,-0.11380851309268492,-0.002478318484434805,-0.024607104078533937
859,-0.10813162917738728,-0.0009346179544196254,-0.02160973950053394
860,-0.10058493860780782,-0.000567562421718848,-0.01837427130510526
861,-0.09251614159695087,0.0008854613190241167,-0.014990858847477919
862,-0.08252579139119565,0.0006280464149464038,-0.012187421305776396
863,-0.07136000464762415,0.0022767709007409653,-0.008123338401967066
864,-0.059221702772673135,0.003770373059805765,-0.004774517370416052
865,-0.042418455508185016,0.008161377245769597,0.0025060199285573685
866,-0.022526184788751458,0.02328451451811997,0.020873634757284657
867,-0.004290549562337098,0.09542049668432195,0.04985666098582409
868,-0.18869123325349732,-0.05652531028070997,-0.010154460195804101
869,-0.20537017444951067,-0.04479708121571142,0.0040611434781189166
870,-0.22503068684179126,-0.014764544907384769,-0.01785443329941657
871,-0.1949988567042219,-0.013971139707322819,-0.03758319846224179
872,-0.1895738500128625,-0.014858421107066012,-0.03808639270534193
873,-0.17636197513463067,-0.013415625878701716,-0.045244504462076736
874,-0.17147500369664687,-0.015342985289946695,-0.04456621808479167
875,-0.1648690624569646,-0.014350705697331823,-0.04753180799276836
876,-0.16168888966482656,-0.015433818957232365,-0.04688844764662297
877,-0.15805815855949273,-0.014770041207047446,-0.04814486602199325
878,-0.15600911309742774,-0.015118343864449851,-0.04746148860372648
879,-0.1537692469089426,-0.014597965854114409,-0.04780123180563696
880,-0.15221207181870114,-0.014405206554255229,-0.046924046137273405
881,-0.1504560806289521,-0.01389624652559851,-0.046619700865701795
882,-0.14881873369628051,-0.013289037528888326,-0.04540724789899223
883,-0.14690237884315743,-0.012698660090380842,-0.044543598346243045
884,-0.14465621092895187,-0.011758779072452374,-0.04286170902797907
885,-0.1420474497894078,-0.011019123104229755,-0.041450747995861605
886,-0.13867187639068934,-0.0098338961487201,-0.0391790359986904
887,-0.1348919511988036,-0.008906975006539364,-0.03722818746346724
888,-0.1298568555944425,-0.007654186282779585,-0.03431440147423558
889,-0.12449256411308307,-0.006550033732412142,-0.03191241331953181
890,-0.11731417590677884,-0.005617075989111431,-0.028510324239279686
891,-0.11015448186234478,-0.004336971143370949,-0.025898961507728472
892,-0.1006197663902405,-0.004356137249677983,-0.022541483232191604
893,-0.09183475726695045,-0.0025149646746345233,-0.019802214382443565
894,-0.08028033184964345,-0.003930891900938871,-0.01732510777115193
895,-0.06932967921726152,3.873080138272478e-05,-0.01242389078047053
896,-0.05618779763888493,0.0002541106181188635,-0.010823786434584483
897,-0.030693002781933654,0.007196617423941287,0.008815918895959037
898,-0.010103300948873128,0.08188373282741801,0.04279298782874181
899,-0.25117875577124776,-0.06837311809331074,0.0072870985609559645
900,-0.28328880657603034,-0.02279333028293269,-0.021661399183595657
901,-0.22939343812299834,-0.012663697511362676,-0.05274917247139036
902,-0.21558121856133125,-0.019184458025073785,-0.04965760315274959
903,-0.19891438207615936,-0.015150741599700791,-0.055700445744055034
904,-0.1909578716016578,-0.01845105211083082,-0.05392279834573322
905,-0.18344003410510587,-0.01676886706964567,-0.05571170318028476
906,-0.1790054679224187,-0.018170290277443962,-0.05473531837558627
907,-0.17507866652234577,-0.017450947082224222,-0.055341122224422085
908,-0.17249784171527313,-0.01787631708318896,-0.05465799258796845
909,-0.17019002208923037,-0.01756654742719846,-0.05473963127228013
910,-0.16843916753035756,-0.01741342795636816,-0.054057940653011095
911,-0.16671260008519767,-0.0172594309256327,-0.05375723991928134
912,-0.1650596327097235,-0.016695123367455544,-0.052874148828936963
913,-0.16320526887312414,-0.016565997404320076,-0.05218806272738045
914,-0.1610509980125855,-0.015652122626593434,-0.05093084526035397
915,-0.15849811238529865,-0.015477147961524107,-0.049812298423977476
916,-0.15530096833614648,-0.014228592205652535,-0.04801649976200802
917,-0.15155179557152376,-0.013980744407355417,-0.04642574345705993
918,-0.14680390740594862,-0.012417700646538465,-0.04394670576286367
919,-0.14145769640229555,-0.0121254135398845,-0.041927626766991556
920,-0.13474396968580782,-0.010356252555951184,-0.03870441794854466
921,-0.1276769025761747,-0.01010921535945608,-0.036526519592768765
922,-0.1188800756577918,-0.008458366393029437,-0.0326848145344986
923,-0.11065073781731438,-0.008237205476659626,-0.03097495069946431
924,-0.10015771882101099,-0.00744527460090616,-0.026780024923912394
925,-0.0923059957175476,-0.006188634300940077,-0.026190544334602484
926,-0.08010200945320034,-0.008279348576795575,-0.021476809858501828
927,-0.0732929806185878,0.0006083479687355453,-0.019889090027636325
928,-0.05274249502296935,-0.014454884611954322,-0.013725212680115508
929,-0.011808774327219496,0.0631558978760669,0.034856287128616804
930,-0.37425565864200205,-0.056748538739030074,-0.04205726613738174
931,-0.2681237545819704,-0.014038110020001271,-0.07677873193713938
932,-0.2401436566660064,-0.02656327215392383,-0.06804832982691685
933,-0.2205315902514572,-0.019507860584805227,-0.06863949104703375
934,-0.20954359766580208,-0.022532766293281097,-0.0654736315939073
935,-0.2014029102974151,-0.020351723947433648,-0.06481216585962112
936,-0.1959974671091344,-0.02114819793035695,-0.06330992899284128
937,-0.19191564582325923,-0.02047747822028348,-0.06279043172796916
938,-0.18901932563051788,-0.020479607175311332,-0.06196893710358093
939,-0.18674407606088733,-0.02041834387106639,-0.061585209211951215
940,-0.18495649120318974,-0.020030591998340175,-0.061012733917914674
941,-0.18335167238635303,-0.020232591753774065,-0.06061775026880125
942,-0.18179943740029855,-0.01957410587192035,-0.060026908930469795
943,-0.18010196901425046,-0.019880030940991444,-0.05946612144289489
944,-0.17812384494345945,-0.018959215149061404,-0.05865032151826855
945,-0.17572557518368714,-0.019296819235125384,-0.057778002224901155
946,-0.17275503161310696,-0.01805994442992903,-0.05655355897171053
947,-0.16912338349451472,-0.018419411118775653,-0.05523863885360363
948,-0.1646519932318794,-0.01676320960150879,-0.05343554880125013
949,-0.1593381611131759,-0.017213381877257072,-0.05158999436567508
950,-0.15297943774493916,-0.014987172468128307,-0.04908011010042999
951,-0.1457796411256952,-0.0157423293061828,-0.046751516877595135
952,-0.13752686462516994,-0.012736615692436004,-0.04353541190603181
953,-0.12890493005507897,-0.014299445630658991,-0.04110328249648227
954,-0.11958705562726413,-0.01014135277122119,-0.037394066827706
955,-0.11123321884093773,-0.013559555841728077,-0.03581823727855014
956,-0.10254509728735384,-0.007207404695057651,-0.03172773012169922
957,-0.09728396717514687,-0.014689703552230648,-0.03273224895436513
958,-0.08895412894091437,-0.0023360911676995055,-0.026100270869367812
959,-0.08923367583907815,-0.020204850622108417,-0.033399366938884296
960,-0.05117333424367465,0.02083333333333459,1.8318679906315087e-15
